title,url,price_raw,price_value,price_currency,location_text,posted_date_raw,posted_date,time_raw,card_id,district_id,district_name
"AРЕНДA - Квартира
#Новостройка",https://www.olx.uz/d/obyavlenie/arenda-kvartira-novostroyka-ID4docB.html,3 000 у.е.,3000.0,у.е,,,,,4docB,25,yunusabad
Сдам 1*2 комнатную квартиру,https://www.olx.uz/d/obyavlenie/sdam-12-komnatnuyu-kvartiru-ID3qexg.html,450 у.е.,450.0,у.е,,,,,3qexg,25,yunusabad
Аренда 1 комнатной квартиры Юнусабад ЖК Manzara-City  Ор-р ТЦ Hightown,https://www.olx.uz/d/obyavlenie/arenda-1-komnatnoy-kvartiry-yunusabad-zhk-manzara-city-or-r-tts-hightown-ID4ee69.html,400 у.е.,400.0,у.е,,,,,4ee69,25,yunusabad
Сдается 2 ком ЖК Manzara City. Юнусубад. Торг возможен,https://www.olx.uz/d/obyavlenie/sdaetsya-2-kom-zhk-manzara-city-yunusubad-torg-vozmozhen-ID4duIA.html,550 у.е.,550.0,у.е,,,,,4duIA,25,yunusabad
Шикарная Евро 3ком/4/9 на Ц-6 Метро Минор (для Всех),https://www.olx.uz/d/obyavlenie/shikarnaya-evro-3kom-4-9-na-ts-6-metro-minor-dlya-vseh-ID4dZxM.html,800 у.е.,800.0,у.е,,,,,4dZxM,25,yunusabad
Аренда Квартира Юнусабат о-р 14 квартал Хонсарой 2/12/16,https://www.olx.uz/d/obyavlenie/arenda-kvartira-yunusabat-o-r-14-kvartal-honsaroy-2-12-16-ID4bx9Y.html,700 у.е. Договорная,700.0,у.е,,,,,4bx9Y,25,yunusabad
Новая квартира сдаётся в Центре Ц-4!,https://www.olx.uz/d/obyavlenie/novaya-kvartira-sdaetsya-v-tsentre-ts-4-ID4eo8F.html,800 у.е.,800.0,у.е,,,,,4eo8F,25,yunusabad
Аренда  ! Юнусабад - 4   1-2/4/4 с обстановкой,https://www.olx.uz/d/obyavlenie/arenda-yunusabad-4-1-2-4-4-s-obstanovkoy-ID3AUt5.html,350 у.е.,350.0,у.е,,,,,3AUt5,25,yunusabad
Аренда Квартиры Юнусабад,https://www.olx.uz/d/obyavlenie/arenda-kvartiry-yunusabad-ID4dATh.html,1 000 у.е.,1000.0,у.е,,,,,4dATh,25,yunusabad
"2 xonali kvartira, 3 nafar qiz uchun, Minor metrosiga yaqin",https://www.olx.uz/d/obyavlenie/2-xonali-kvartira-3-nafar-qiz-uchun-minor-metrosiga-yaqin-ID462Bu.html,100 у.е.,100.0,у.е,,,,,462Bu,25,yunusabad
Сдаётся квартира в новостройке на Бадамзаре,https://www.olx.uz/d/obyavlenie/sdaetsya-kvartira-v-novostroyke-na-badamzare-ID4dZvf.html,800 у.е.,800.0,у.е,,,,,4dZvf,25,yunusabad
Сдам квартиру в аренду на метро Космонавтов,https://www.olx.uz/d/obyavlenie/sdam-kvartiru-v-arendu-na-metro-kosmonavtov-ID3t4uW.html,800 у.е. Договорная,800.0,у.е,,,,,3t4uW,25,yunusabad
Аренда 2 комнатной кв Ю/Абад 8 метро Юнусабад 10мин  |можно Студент,https://www.olx.uz/d/obyavlenie/arenda-2-komnatnoy-kv-yu-abad-8-metro-yunusabad-10min-mozhno-student-ID4ehnb.html,600 у.е.,600.0,у.е,,,,,4ehnb,25,yunusabad
"Аренда от собственника 2 ком евро, свободно",https://www.olx.uz/d/obyavlenie/arenda-ot-sobstvennika-2-kom-evro-svobodno-ID48L5N.html,1 200 у.е. Договорная,1200.0,у.е,,,,,48L5N,25,yunusabad
Аренда кивартивра 2/8/16 жой озимнки метро минор,https://www.olx.uz/d/obyavlenie/arenda-kivartivra-2-8-16-zhoy-ozimnki-metro-minor-ID4e5RJ.html,750 у.е. Договорная,750.0,у.е,,,,,4e5RJ,25,yunusabad
Сдается премиум квартира в ЖК Kazahstan!,https://www.olx.uz/d/obyavlenie/sdaetsya-premium-kvartira-v-zhk-kazahstan-ID463Ft.html,1 500 у.е. Договорная,1500.0,у.е,,,,,463Ft,25,yunusabad
Сдается уютная квартира в ЖК Kazahstan!,https://www.olx.uz/d/obyavlenie/sdaetsya-uyutnaya-kvartira-v-zhk-kazahstan-ID4eo74.html,800 у.е.,800.0,у.е,,,,,4eo74,25,yunusabad
"М.Шахристанская 2ком.чистая.С обстановкой.Семье.Базар,Универсам 1остан",https://www.olx.uz/d/obyavlenie/m-shahristanskaya-2kom-chistaya-s-obstanovkoy-seme-bazar-universam-1ostan-ID4eo6k.html,350 у.е.,350.0,у.е,,,,,4eo6k,25,yunusabad
Срочная аренда! 3-комнатная квартира в центре города Ц-4!,https://www.olx.uz/d/obyavlenie/srochnaya-arenda-3-komnatnaya-kvartira-v-tsentre-goroda-ts-4-ID4eo6a.html,800 у.е.,800.0,у.е,,,,,4eo6a,25,yunusabad
Arenda  Yunusobod-18   3 xona,https://www.olx.uz/d/obyavlenie/arenda-yunusobod-18-3-xona-ID4eo5d.html,800 у.е.,800.0,у.е,,,,,4eo5d,25,yunusabad
Современная квартира в престижном ЖК Kazahstan!,https://www.olx.uz/d/obyavlenie/sovremennaya-kvartira-v-prestizhnom-zhk-kazahstan-ID4eo4I.html,800 у.е.,800.0,у.е,,,,,4eo4I,25,yunusabad
Аренда квартиры в 3 минутах от метро Минор. Новомосковска 3/5/8,https://www.olx.uz/d/obyavlenie/arenda-kvartiry-v-3-minutah-ot-metro-minor-novomoskovska-3-5-8-ID4dZsl.html,600 у.е.,600.0,у.е,,,,,4dZsl,25,yunusabad
Ц-6 Метро Минор ЖК Казахстан! Сдаётся 2х комнатная!,https://www.olx.uz/d/obyavlenie/ts-6-metro-minor-zhk-kazahstan-sdaetsya-2h-komnatnaya-ID3FEHc.html,850 у.е. Договорная,850.0,у.е,,,,,3FEHc,25,yunusabad
2 xona kvartira ijaraga beriladi.Bodomzor metro 15 daqiqa,https://www.olx.uz/d/obyavlenie/2-xona-kvartira-ijaraga-beriladi-bodomzor-metro-15-daqiqa-ID4eo0E.html,300 у.е.,300.0,у.е,,,,,4eo0E,25,yunusabad
Аренда.  Ц2  Алайский 2/5/7,https://www.olx.uz/d/obyavlenie/arenda-ts2-alayskiy-2-5-7-ID4dANf.html,750 у.е.,750.0,у.е,,,,,4dANf,25,yunusabad
Сдается комната с хозяином,https://www.olx.uz/d/obyavlenie/sdaetsya-komnata-s-hozyainom-ID4aZrH.html,100 у.е.,100.0,у.е,,,,,4aZrH,25,yunusabad
Srochna 2 ta xonaga 3 ta bola olinadi!,https://www.olx.uz/d/obyavlenie/srochna-2-ta-xonaga-3-ta-bola-olinadi-ID4dUWn.html,90 у.е.,90.0,у.е,,,,,4dUWn,25,yunusabad
"Аренда квартиры 2-комнатная, Ю.Абад,  Метро Минор",https://www.olx.uz/d/obyavlenie/arenda-kvartiry-2-komnatnaya-yu-abad-metro-minor-ID4dYlz.html,1 000 у.е. Договорная,1000.0,у.е,,,,,4dYlz,25,yunusabad
Ijaraga Yunusobod Manzara kvartal uy bor,https://www.olx.uz/d/obyavlenie/ijaraga-yunusobod-manzara-kvartal-uy-bor-ID48cjj.html,900 000 сум,900000.0,сум,,,,,48cjj,25,yunusabad
"Аренда квартиры 3 комнатная , Юнусабад 8 квартал",https://www.olx.uz/d/obyavlenie/arenda-kvartiry-3-komnatnaya-yunusabad-8-kvartal-ID4dZp8.html,500 у.е.,500.0,у.е,,,,,4dZp8,25,yunusabad
Аренда квартиры 1 ком Юнусабад ЖК Манзара Сити,https://www.olx.uz/d/obyavlenie/arenda-kvartiry-1-kom-yunusabad-zhk-manzara-siti-ID4dcWc.html,400 у.е.,400.0,у.е,,,,,4dcWc,25,yunusabad
Arenda Yunusobod-14  3 xona,https://www.olx.uz/d/obyavlenie/arenda-yunusobod-14-3-xona-ID4enYj.html,100 у.е.,100.0,у.е,,,,,4enYj,25,yunusabad
Arenda Yunusobod-11 3 xona,https://www.olx.uz/d/obyavlenie/arenda-yunusobod-11-3-xona-ID4enWo.html,72 у.е.,72.0,у.е,,,,,4enWo,25,yunusabad
Аренда 1-комнатной квартиры рядом с метро Шахристан,https://www.olx.uz/d/obyavlenie/arenda-1-komnatnoy-kvartiry-ryadom-s-metro-shahristan-ID4enX3.html,250 у.е. Договорная,250.0,у.е,,,,,4enX3,25,yunusabad
Сдается 2 ком ЖК Megapolis. Напротив Мега Планет. Освобождения 21.12,https://www.olx.uz/d/obyavlenie/sdaetsya-2-kom-zhk-megapolis-naprotiv-mega-planet-osvobozhdeniya-21-12-ID4enYi.html,758 у.е.,758.0,у.е,,,,,4enYi,25,yunusabad
"Аренда,квартиры на Ц1",https://www.olx.uz/d/obyavlenie/arenda-kvartiry-na-ts1-ID4cIb2.html,800 у.е. Договорная,800.0,у.е,,,,,4cIb2,25,yunusabad
"Gangada Shayxontoxur tumani Jangoh mahallasi, sebzor,  2 xonali sherik",https://www.olx.uz/d/obyavlenie/gangada-shayxontoxur-tumani-jangoh-mahallasi-sebzor-2-xonali-sherik-ID48ydv.html,100 у.е.,100.0,у.е,,,,,48ydv,25,yunusabad
Сдается квартира в аренду | Юнусабад | Мега Планет 2/7/9,https://www.olx.uz/d/obyavlenie/sdaetsya-kvartira-v-arendu-yunusabad-mega-planet-2-7-9-ID4dZi7.html,550 у.е. Договорная,550.0,у.е,,,,,4dZi7,25,yunusabad
Yunusobod tumani da kvartira,https://www.olx.uz/d/obyavlenie/yunusobod-tumani-da-kvartira-ID4enTA.html,300 у.е.,300.0,у.е,,,,,4enTA,25,yunusabad
Сдается квартира от собственника ЖК Skyline towers Мирабадский район,https://www.olx.uz/d/obyavlenie/sdaetsya-kvartira-ot-sobstvennika-zhk-skyline-towers-mirabadskiy-rayon-ID4detn.html,1 500 у.е.,1500.0,у.е,,,,,4detn,25,yunusabad
Arendaga odam qo'yaman,https://www.olx.uz/d/obyavlenie/arendaga-odam-qoyaman-ID4cNKv.html,800 у.е.,800.0,у.е,,,,,4cNKv,25,yunusabad
"Малика бозор, Рабочий городок олдида ижарага бериладида 1/2 хона кв_",https://www.olx.uz/d/obyavlenie/malika-bozor-rabochiy-gorodok-oldida-izharaga-beriladida-1-2-hona-kv-ID4e3b8.html,450 у.е.,450.0,у.е,,,,,4e3b8,25,yunusabad
Chilonzor Novza metro yonida arenda kvartira bezmakler,https://www.olx.uz/d/obyavlenie/chilonzor-novza-metro-yonida-arenda-kvartira-bezmakler-ID4enSQ.html,300 у.е.,300.0,у.е,,,,,4enSQ,25,yunusabad
"СДАЕТСЯ В АРЕНДУ!3х комн,83 м2|ул Осиё, ЖК Barocco. ЖЖБ",https://www.olx.uz/d/obyavlenie/sdaetsya-v-arendu-3h-komn-83-m2-ul-osie-zhk-barocco-zhzhb-ID4dZhZ.html,1 300 у.е. Договорная,1300.0,у.е,,,,,4dZhZ,25,yunusabad
"Аренда Новастройка Юнусабад райгаз, метро Шахристанский",https://www.olx.uz/d/obyavlenie/arenda-novastroyka-yunusabad-raygaz-metro-shahristanskiy-ID4aVIU.html,600 у.е.,600.0,у.е,,,,,4aVIU,25,yunusabad
Сдаётся квартира ЖК Богишамол Юнусабад,https://www.olx.uz/d/obyavlenie/sdaetsya-kvartira-zhk-bogishamol-yunusabad-ID3KU2k.html,700 у.е.,700.0,у.е,,,,,3KU2k,25,yunusabad
2 xona kvartira ijaraga beriladi.Bodomzor metro 15 daqiqa,https://www.olx.uz/d/obyavlenie/2-xona-kvartira-ijaraga-beriladi-bodomzor-metro-15-daqiqa-ID4enQb.html,300 у.е.,300.0,у.е,,,,,4enQb,25,yunusabad
Сдаётся квартира в новостройке на Бадамзаре,https://www.olx.uz/d/obyavlenie/sdaetsya-kvartira-v-novostroyke-na-badamzare-ID3Ghzr.html,1 200 у.е.,1200.0,у.е,,,,,3Ghzr,25,yunusabad
Жк Казахстан-Сдается новая квартира в престижном районе!,https://www.olx.uz/d/obyavlenie/zhk-kazahstan-sdaetsya-novaya-kvartira-v-prestizhnom-rayone-ID3qhIH.html,1 200 у.е. Договорная,1200.0,у.е,,,,,3qhIH,25,yunusabad
Сдается квартира в новостройке,https://www.olx.uz/d/obyavlenie/sdaetsya-kvartira-v-novostroyke-ID3pYTw.html,1 300 у.е.,1300.0,у.е,,,,,3pYTw,25,yunusabad
Шикарная Евро 3ком/4/4 на Ц-6 Метро Минор (семейным),https://www.olx.uz/d/obyavlenie/shikarnaya-evro-3kom-4-4-na-ts-6-metro-minor-semeynym-ID3lQ49.html,700 у.е.,700.0,у.е,,,,,3lQ49,25,yunusabad
Сдам 2*3/2/9. На Ц-5 ОР-р метро Минор.,https://www.olx.uz/d/obyavlenie/sdam-23-2-9-na-ts-5-or-r-metro-minor-ID35bhK.html,550 у.е.,550.0,у.е,,,,,35bhK,25,yunusabad
Аренда квартира болларга юнусабад 5 кв,https://www.olx.uz/d/obyavlenie/arenda-kvartira-bollarga-yunusabad-5-kv-ID4c0dK.html,900 000 сум,900000.0,сум,,,,,4c0dK,25,yunusabad
Yunusobot 14 kvatrdan,https://www.olx.uz/d/obyavlenie/yunusobot-14-kvatrdan-ID4efK1.html,500 у.е.,500.0,у.е,,,,,4efK1,25,yunusabad
3х комн. 6/9 Ц-5. 5 мин от метро Минор,https://www.olx.uz/d/obyavlenie/3h-komn-6-9-ts-5-5-min-ot-metro-minor-ID4eamn.html,550 у.е.,550.0,у.е,,,,,4eamn,25,yunusabad
сдается квартира на ц-5,https://www.olx.uz/d/obyavlenie/sdaetsya-kvartira-na-ts-5-ID3away.html,750 у.е.,750.0,у.е,,,,,3away,25,yunusabad
Сдаётся квартира на Ц4 с авторским ремонтам‼️,https://www.olx.uz/d/obyavlenie/sdaetsya-kvartira-na-ts4-s-avtorskim-remontam-ID3w93H.html,1 000 у.е.,1000.0,у.е,,,,,3w93H,25,yunusabad
Yunusobod Turkiston metro,https://www.olx.uz/d/obyavlenie/yunusobod-turkiston-metro-ID4enOG.html,300 у.е.,300.0,у.е,,,,,4enOG,25,yunusabad
Сдаётся квартира на Ц5‼️,https://www.olx.uz/d/obyavlenie/sdaetsya-kvartira-na-ts5-ID3tZ8K.html,700 у.е.,700.0,у.е,,,,,3tZ8K,25,yunusabad
Yunusobod kvartira Bezmakler,https://www.olx.uz/d/obyavlenie/yunusobod-kvartira-bezmakler-ID4enNp.html,250 у.е. Договорная,250.0,у.е,,,,,4enNp,25,yunusabad
Сдаётся в аренду квартира на 17 квартал Юнусабад,https://www.olx.uz/d/obyavlenie/sdaetsya-v-arendu-kvartira-na-17-kvartal-yunusabad-ID3Kn5a.html,800 у.е.,800.0,у.е,,,,,3Kn5a,25,yunusabad
Срочно!!! Сдается Шикарная 2х ком квартира Ор-р Метро Юнусабад 999*,https://www.olx.uz/d/obyavlenie/srochno-sdaetsya-shikarnaya-2h-kom-kvartira-or-r-metro-yunusabad-999-ID4dcJq.html,450 у.е. Договорная,450.0,у.е,,,,,4dcJq,25,yunusabad
"Сдаётся квартира на 4 квартале Юнусабада
Ориентир - клиника Шифо нур",https://www.olx.uz/d/obyavlenie/sdaetsya-kvartira-na-4-kvartale-yunusabadaorientir-klinika-shifo-nur-ID3tyRW.html,700 у.е.,700.0,у.е,,,,,3tyRW,25,yunusabad
Arenda  Yunusobod 3 xona,https://www.olx.uz/d/obyavlenie/arenda-yunusobod-3-xona-ID4enNS.html,1 300 у.е.,1300.0,у.е,,,,,4enNS,25,yunusabad
Аренда 2 комнатной квартиры Юнусабад 13 ор-р ТЦ Мегапланет ЖК Ikat,https://www.olx.uz/d/obyavlenie/arenda-2-komnatnoy-kvartiry-yunusabad-13-or-r-tts-megaplanet-zhk-ikat-ID4dAyK.html,500 у.е.,500.0,у.е,,,,,4dAyK,25,yunusabad
Ijara kivartira qoʻyaman faqat ustidentlani 2 kurs joy yunusoboda yunu,https://www.olx.uz/d/obyavlenie/ijara-kivartira-qoyaman-faqat-ustidentlani-2-kurs-joy-yunusoboda-yunu-ID46pNn.html,800 000 сум Договорная,800000.0,сум,,,,,46pNn,25,yunusabad
Сдаю 2-комнатную квартиру на аренду,https://www.olx.uz/d/obyavlenie/sdayu-2-komnatnuyu-kvartiru-na-arendu-ID4eg8C.html,900 у.е.,900.0,у.е,,,,,4eg8C,25,yunusabad
Современная квартира в престижном ЖК Kazahstan!,https://www.olx.uz/d/obyavlenie/sovremennaya-kvartira-v-prestizhnom-zhk-kazahstan-ID4br0W.html,1 000 у.е. Договорная,1000.0,у.е,,,,,4br0W,25,yunusabad
Сдается квартира в Юнусабадском районе,https://www.olx.uz/d/obyavlenie/sdaetsya-kvartira-v-yunusabadskom-rayone-ID2BFzJ.html,600 у.е.,600.0,у.е,,,,,2BFzJ,25,yunusabad
Сдается 3 ком ЖК Пойтахт Гавхари. Ц 2. Алайский. Basri Baba,https://www.olx.uz/d/obyavlenie/sdaetsya-3-kom-zhk-poytaht-gavhari-ts-2-alayskiy-basri-baba-ID4dAyC.html,1 000 у.е.,1000.0,у.е,,,,,4dAyC,25,yunusabad
Yunusobod arenda kvartira srochna,https://www.olx.uz/d/obyavlenie/yunusobod-arenda-kvartira-srochna-ID4589M.html,450 у.е.,450.0,у.е,,,,,4589M,25,yunusabad
Сдается квартира В Юнусабадском районе 14кв.,https://www.olx.uz/d/obyavlenie/sdaetsya-kvartira-v-yunusabadskom-rayone-14kv-ID2AVHW.html,600 у.е.,600.0,у.е,,,,,2AVHW,25,yunusabad
Сдается 3/4/7 на Ц-4,https://www.olx.uz/d/obyavlenie/sdaetsya-3-4-7-na-ts-4-ID1J2z1.html,1 500 у.е.,1500.0,у.е,,,,,1J2z1,25,yunusabad
Аренда 3 комнатной квартиры Ц-5 Ор-р Фин. Институт м.Минор,https://www.olx.uz/d/obyavlenie/arenda-3-komnatnoy-kvartiry-ts-5-or-r-fin-institut-m-minor-ID4enLi.html,800 у.е.,800.0,у.е,,,,,4enLi,25,yunusabad
Arenda kvartira Yunusobod,https://www.olx.uz/d/obyavlenie/arenda-kvartira-yunusobod-ID47ZiK.html,900 000 сум,900000.0,сум,,,,,47ZiK,25,yunusabad
Аренда ЖК Камрон паласе Алайский рынок,https://www.olx.uz/d/obyavlenie/arenda-zhk-kamron-palase-alayskiy-rynok-ID4dcEw.html,1 200 у.е.,1200.0,у.е,,,,,4dcEw,25,yunusabad
Аренда Ц 2 алайский рынок 2/2/9,https://www.olx.uz/d/obyavlenie/arenda-ts-2-alayskiy-rynok-2-2-9-ID4bbwz.html,700 у.е.,700.0,у.е,,,,,4bbwz,25,yunusabad
Сдам КОМНАТУ с хозяйкой в квартире. Рабочий городок. Малика. Телевыш,https://www.olx.uz/d/obyavlenie/sdam-komnatu-s-hozyaykoy-v-kvartire-rabochiy-gorodok-malika-televysh-ID3fUVX.html,2 000 000 сум,2000000.0,сум,,,,,3fUVX,25,yunusabad
Жк Дипломат (Xonsaroy)! Новая 3-комнатная квартира в аренду!,https://www.olx.uz/d/obyavlenie/zhk-diplomat-xonsaroy-novaya-3-komnatnaya-kvartira-v-arendu-ID46YyN.html,800 у.е. Договорная,800.0,у.е,,,,,46YyN,25,yunusabad
Сдам СВОЮ квартиру на паркентском 80 кв.м. Евродвушка,https://www.olx.uz/d/obyavlenie/sdam-svoyu-kvartiru-na-parkentskom-80-kv-m-evrodvushka-ID4bTJF.html,750 у.е.,750.0,у.е,,,,,4bTJF,25,yunusabad
Сдается 3 комнатная квартира в ЖК НУР,https://www.olx.uz/d/obyavlenie/sdaetsya-3-komnatnaya-kvartira-v-zhk-nur-ID4e4Kg.html,1 400 у.е.,1400.0,у.е,,,,,4e4Kg,25,yunusabad
Yunusobot 14 kvatrdan,https://www.olx.uz/d/obyavlenie/yunusobot-14-kvatrdan-ID4efK1.html,500 у.е.,500.0,у.е,,,,,4efK1,25,yunusabad
Сдаётся квартира на ЖК Пойтахт Гавхари Ц-4 3-ком/5/9 Юнусабадский,https://www.olx.uz/d/obyavlenie/sdaetsya-kvartira-na-zhk-poytaht-gavhari-ts-4-3-kom-5-9-yunusabadskiy-ID4dAuM.html,1 000 у.е.,1000.0,у.е,,,,,4dAuM,25,yunusabad
Срочно сдам 2 ком/4/9 на Юнусабаде Ор-р Мега Планет,https://www.olx.uz/d/obyavlenie/srochno-sdam-2-kom-4-9-na-yunusabade-or-r-mega-planet-ID35ZO9.html,450 у.е. Договорная,450.0,у.е,,,,,35ZO9,25,yunusabad
Сдаётся квартира Ц-2!!! 3/7/10,https://www.olx.uz/d/obyavlenie/sdaetsya-kvartira-ts-2-3-7-10-ID4dZ5O.html,1 200 у.е.,1200.0,у.е,,,,,4dZ5O,25,yunusabad
Сдаётся квартира в аренду 3-ком 2/9 На Алайском ор-р Ц4,https://www.olx.uz/d/obyavlenie/sdaetsya-kvartira-v-arendu-3-kom-2-9-na-alayskom-or-r-ts4-ID4enHN.html,800 у.е.,800.0,у.е,,,,,4enHN,25,yunusabad
Юнусабод-14 Метро Туркистан Мегапланет 2/4/9 Петушок,https://www.olx.uz/d/obyavlenie/yunusabod-14-metro-turkistan-megaplanet-2-4-9-petushok-ID4e7eE.html,400 у.е.,400.0,у.е,,,,,4e7eE,25,yunusabad
Юнусабад-15 1 переделаная в 2 комнаты,https://www.olx.uz/d/obyavlenie/yunusabad-15-1-peredelanaya-v-2-komnaty-ID4e3Oc.html,400 у.е.,400.0,у.е,,,,,4e3Oc,25,yunusabad
Юнусабад-9 корзинка 1 переделаная в 2 комнаты,https://www.olx.uz/d/obyavlenie/yunusabad-9-korzinka-1-peredelanaya-v-2-komnaty-ID4elB5.html,350 у.е.,350.0,у.е,,,,,4elB5,25,yunusabad
"Аренда 3 комн. квартиры ор-р: Финансовый Институт, Ц5",https://www.olx.uz/d/obyavlenie/arenda-3-komn-kvartiry-or-r-finansovyy-institut-ts5-ID4enGq.html,800 у.е.,800.0,у.е,,,,,4enGq,25,yunusabad
3-х комнатная квартира в ЖК Юнусабад резиденс,https://www.olx.uz/d/obyavlenie/3-h-komnatnaya-kvartira-v-zhk-yunusabad-rezidens-ID44q7D.html,850 у.е.,850.0,у.е,,,,,44q7D,25,yunusabad
"2 xonali kvartira, 3 nafar qiz uchun, Minor metrosiga yaqin",https://www.olx.uz/d/obyavlenie/2-xonali-kvartira-3-nafar-qiz-uchun-minor-metrosiga-yaqin-ID462Bu.html,100 у.е.,100.0,у.е,,,,,462Bu,25,yunusabad
Сдается 4х комнатная квартира на ц1!!!,https://www.olx.uz/d/obyavlenie/sdaetsya-4h-komnatnaya-kvartira-na-ts1-ID4db4q.html,1 300 у.е.,1300.0,у.е,,,,,4db4q,25,yunusabad
Аренда квартиры в 3 минутах от метро Минор. Новомосковская 3/5/8,https://www.olx.uz/d/obyavlenie/arenda-kvartiry-v-3-minutah-ot-metro-minor-novomoskovskaya-3-5-8-ID4d2Xf.html,9 000 000 сум Договорная,9000000.0,сум,,,,,4d2Xf,25,yunusabad
2-х ком 60м² на Юнус-Абаде  ориентир Шохсарой,https://www.olx.uz/d/obyavlenie/2-h-kom-60m-na-yunus-abade-orientir-shohsaroy-ID3EhHg.html,500 у.е.,500.0,у.е,,,,,3EhHg,25,yunusabad
Yunusoboda 3 Xonali Kvartira ijaraga Beriladi manzil: ЖК Xon Saroy,https://www.olx.uz/d/obyavlenie/yunusoboda-3-xonali-kvartira-ijaraga-beriladi-manzil-zhk-xon-saroy-ID4dAsM.html,550 у.е.,550.0,у.е,,,,,4dAsM,25,yunusabad
Arenda Yunusobod-7  3 xonali,https://www.olx.uz/d/obyavlenie/arenda-yunusobod-7-3-xonali-ID4enG0.html,550 у.е.,550.0,у.е,,,,,4enG0,25,yunusabad
Срочно сдается шикарная двушка на Ц-4! 2/5/9! Ор-р Ardus!,https://www.olx.uz/d/obyavlenie/srochno-sdaetsya-shikarnaya-dvushka-na-ts-4-2-5-9-or-r-ardus-ID3YJEa.html,550 у.е.,550.0,у.е,,,,,3YJEa,25,yunusabad
Сдается 2-х комнатная квартира на Ц-5,https://www.olx.uz/d/obyavlenie/sdaetsya-2-h-komnatnaya-kvartira-na-ts-5-ID3jGjy.html,599 у.е. Договорная,599.0,у.е,,,,,3jGjy,25,yunusabad
Аренда 2×3/1/4 квартира на Юнус-Абад-11 ориентир Хавас,https://www.olx.uz/d/obyavlenie/arenda-23-1-4-kvartira-na-yunus-abad-11-orientir-havas-ID4dAsn.html,500 у.е.,500.0,у.е,,,,,4dAsn,25,yunusabad
Arenda Yunusobod-12  3xona,https://www.olx.uz/d/obyavlenie/arenda-yunusobod-12-3xona-ID4enB9.html,67 у.е.,67.0,у.е,,,,,4enB9,25,yunusabad
Юнусобод аренда семя и студентов,https://www.olx.uz/d/obyavlenie/yunusobod-arenda-semya-i-studentov-ID4enzy.html,350 у.е.,350.0,у.е,,,,,4enzy,25,yunusabad
Arenda  Yunusobod- Minor  2 xona,https://www.olx.uz/d/obyavlenie/arenda-yunusobod-minor-2-xona-ID4enza.html,600 у.е.,600.0,у.е,,,,,4enza,25,yunusabad
"Сдам в аренду кв на Юн аб 19 кв на 1,2 месяц",https://www.olx.uz/d/obyavlenie/sdam-v-arendu-kv-na-yun-ab-19-kv-na-1-2-mesyats-ID3Pgpb.html,300 у.е.,300.0,у.е,,,,,3Pgpb,25,yunusabad
Своя 3-х комнатная квартира на «Федорович»,https://www.olx.uz/d/obyavlenie/svoya-3-h-komnatnaya-kvartira-na-fedorovich-ID4e0NQ.html,1 100 у.е.,1100.0,у.е,,,,,4e0NQ,25,yunusabad
Сдаётся в аренду 3-ком квартира в элитной ЖК Barocco Rent flat,https://www.olx.uz/d/obyavlenie/sdaetsya-v-arendu-3-kom-kvartira-v-elitnoy-zhk-barocco-rent-flat-ID4dfBG.html,1 300 у.е.,1300.0,у.е,,,,,4dfBG,25,yunusabad
Аренда ЖК Кислород (Сеул мун) 2 комнатная квартира,https://www.olx.uz/d/obyavlenie/arenda-zhk-kislorod-seul-mun-2-komnatnaya-kvartira-ID3IWQc.html,1 250 у.е. Договорная,1250.0,у.е,,,,,3IWQc,25,yunusabad
Ц2 Алайский 3х комнатная 110кв,https://www.olx.uz/d/obyavlenie/ts2-alayskiy-3h-komnatnaya-110kv-ID4dWUA.html,900 у.е.,900.0,у.е,,,,,4dWUA,25,yunusabad
Сдаётся 1 комнатная на Бадамзаре,https://www.olx.uz/d/obyavlenie/sdaetsya-1-komnatnaya-na-badamzare-ID4enC9.html,400 у.е.,400.0,у.е,,,,,4enC9,25,yunusabad
Сдается квартира в центре на Алайском,https://www.olx.uz/d/obyavlenie/sdaetsya-kvartira-v-tsentre-na-alayskom-ID4enBD.html,800 у.е.,800.0,у.е,,,,,4enBD,25,yunusabad
Аренда Квартира Юнусабадский-14 Мегапланет ( Метро Туркистан ),https://www.olx.uz/d/obyavlenie/arenda-kvartira-yunusabadskiy-14-megaplanet-metro-turkistan-ID4eimG.html,400 у.е.,400.0,у.е,,,,,4eimG,25,yunusabad
3-ком/2/8 Сдаётся шикарная евро люкс квартира Ориентир Ц5,https://www.olx.uz/d/obyavlenie/3-kom-2-8-sdaetsya-shikarnaya-evro-lyuks-kvartira-orientir-ts5-ID4enAI.html,800 у.е.,800.0,у.е,,,,,4enAI,25,yunusabad
Аренда сдается  на Юнус Абаде 8 Новостройка  2/9/10,https://www.olx.uz/d/obyavlenie/arenda-sdaetsya-na-yunus-abade-8-novostroyka-2-9-10-ID4csbf.html,550 у.е.,550.0,у.е,,,,,4csbf,25,yunusabad
Аренда квартиры в 3 минутах от метро Минор. Новомосковская 3/5/8,https://www.olx.uz/d/obyavlenie/arenda-kvartiry-v-3-minutah-ot-metro-minor-novomoskovskaya-3-5-8-ID4enzD.html,800 у.е.,800.0,у.е,,,,,4enzD,25,yunusabad
Yunsobod 6 KvartlX,https://www.olx.uz/d/obyavlenie/yunsobod-6-kvartlx-ID3UT6A.html,1 000 000 сум,1000000.0,сум,,,,,3UT6A,25,yunusabad
Сдается квартира Ц-5 | Юнусабадский | полный комфорт | пожарка | минор,https://www.olx.uz/d/obyavlenie/sdaetsya-kvartira-ts-5-yunusabadskiy-polnyy-komfort-pozharka-minor-ID4enyy.html,800 у.е.,800.0,у.е,,,,,4enyy,25,yunusabad
"Сдаётся красивая квартира на Юнусабаде, Ц-5, ор-р станция метро Минор!",https://www.olx.uz/d/obyavlenie/sdaetsya-krasivaya-kvartira-na-yunusabade-ts-5-or-r-stantsiya-metro-minor-ID4dxWm.html,800 у.е. Договорная,800.0,у.е,,,,,4dxWm,25,yunusabad
"Юнусабад 9 квартал, 1 в 2 комнатную Корзинка",https://www.olx.uz/d/obyavlenie/yunusabad-9-kvartal-1-v-2-komnatnuyu-korzinka-ID4edEn.html,350 у.е.,350.0,у.е,,,,,4edEn,25,yunusabad
Своя  Кв. 2/2/4 в аренду метро шахристон,https://www.olx.uz/d/obyavlenie/svoya-kv-2-2-4-v-arendu-metro-shahriston-ID3Es4P.html,550 у.е. Договорная,550.0,у.е,,,,,3Es4P,25,yunusabad
Yunusobod kvartira Abdulla Qodiriy metro,https://www.olx.uz/d/obyavlenie/yunusobod-kvartira-abdulla-qodiriy-metro-ID4edsr.html,1 500 000 сум,1500000.0,сум,,,,,4edsr,25,yunusabad
"Срочно сдаю.Юнусабад-2 НБУ 2/3/4 Новая, Упакованная",https://www.olx.uz/d/obyavlenie/srochno-sdayu-yunusabad-2-nbu-2-3-4-novaya-upakovannaya-ID4e8uj.html,500 у.е.,500.0,у.е,,,,,4e8uj,25,yunusabad
Сдаётся новая квартира на Юнусабадском районе Мегапланет,https://www.olx.uz/d/obyavlenie/sdaetsya-novaya-kvartira-na-yunusabadskom-rayone-megaplanet-ID4dxQB.html,650 у.е. Договорная,650.0,у.е,,,,,4dxQB,25,yunusabad
Срочно сдаю.ЖК Замок счастья 2/3/6,https://www.olx.uz/d/obyavlenie/srochno-sdayu-zhk-zamok-schastya-2-3-6-ID4e8DI.html,550 у.е.,550.0,у.е,,,,,4e8DI,25,yunusabad
Срочно сдаю.Юнусабад-15 Бахор 3/4/9,https://www.olx.uz/d/obyavlenie/srochno-sdayu-yunusabad-15-bahor-3-4-9-ID4ejv5.html,700 у.е.,700.0,у.е,,,,,4ejv5,25,yunusabad
Срочно сдаю.ЖК Манзара 2/10/12,https://www.olx.uz/d/obyavlenie/srochno-sdayu-zhk-manzara-2-10-12-ID4e8th.html,500 у.е.,500.0,у.е,,,,,4e8th,25,yunusabad
Алайский-Новостройка! Сдается новая 3-х комнатная квартира в центре!,https://www.olx.uz/d/obyavlenie/alayskiy-novostroyka-sdaetsya-novaya-3-h-komnatnaya-kvartira-v-tsentre-ID42KWE.html,1 200 у.е.,1200.0,у.е,,,,,42KWE,25,yunusabad
"Сдаётся квартира рядом с метро на Юнусабаде, 11-кв, ор-р Мегапланет!",https://www.olx.uz/d/obyavlenie/sdaetsya-kvartira-ryadom-s-metro-na-yunusabade-11-kv-or-r-megaplanet-ID4dyn1.html,550 у.е. Договорная,550.0,у.е,,,,,4dyn1,25,yunusabad
Сдается новая квартира на Юнусабадском районе Минор после ремонта,https://www.olx.uz/d/obyavlenie/sdaetsya-novaya-kvartira-na-yunusabadskom-rayone-minor-posle-remonta-ID4dxvp.html,700 у.е. Договорная,700.0,у.е,,,,,4dxvp,25,yunusabad
Yunusoboda 3 Xonali Kvartira ijaraga Beriladi manzil: ЖК Xon Saroy !!,https://www.olx.uz/d/obyavlenie/yunusoboda-3-xonali-kvartira-ijaraga-beriladi-manzil-zhk-xon-saroy-ID4dxOo.html,600 у.е.,600.0,у.е,,,,,4dxOo,25,yunusabad
Yunusobodda 3 Xonali Kvartira ijaraga Beriladi manzil Mega Planet,https://www.olx.uz/d/obyavlenie/yunusobodda-3-xonali-kvartira-ijaraga-beriladi-manzil-mega-planet-ID4dxTU.html,650 у.е. Договорная,650.0,у.е,,,,,4dxTU,25,yunusabad
Аренда 2х ком. квартира (ЕВРОРЕМОНТ) Юнусабад (Полный комплект),https://www.olx.uz/d/obyavlenie/arenda-2h-kom-kvartira-evroremont-yunusabad-polnyy-komplekt-ID4ejCG.html,500 у.е. Договорная,500.0,у.е,,,,,4ejCG,25,yunusabad
Аренда ЖК Манзара 1 Ком,https://www.olx.uz/d/obyavlenie/arenda-zhk-manzara-1-kom-ID4em4c.html,380 у.е.,380.0,у.е,,,,,4em4c,25,yunusabad
Parisien kvartira v arendu,https://www.olx.uz/d/obyavlenie/parisien-kvartira-v-arendu-ID4aRUZ.html,1 700 у.е.,1700.0,у.е,,,,,4aRUZ,25,yunusabad
Arenda  Yunusobod-4  2 xona,https://www.olx.uz/d/obyavlenie/arenda-yunusobod-4-2-xona-ID4env5.html,101 у.е.,101.0,у.е,,,,,4env5,25,yunusabad
Аренда 1 комнатной квартиры Малика/Мечеть Минор(Набережная)ЖК Anxor,https://www.olx.uz/d/obyavlenie/arenda-1-komnatnoy-kvartiry-malika-mechet-minornaberezhnayazhk-anxor-ID4dAjs.html,700 у.е.,700.0,у.е,,,,,4dAjs,25,yunusabad
Аренда 2 комнатной квартиры Ул.Богишамол Ор-р ТЦ Sampi|Депозит,https://www.olx.uz/d/obyavlenie/arenda-2-komnatnoy-kvartiry-ul-bogishamol-or-r-tts-sampi-depozit-ID4dAj9.html,600 у.е.,600.0,у.е,,,,,4dAj9,25,yunusabad
Сдаю УЮТНУЮ квартиру на Юнусабаде 2/3/4 Фара*,https://www.olx.uz/d/obyavlenie/sdayu-uyutnuyu-kvartiru-na-yunusabade-2-3-4-fara-ID4enrI.html,500 у.е. Договорная,500.0,у.е,,,,,4enrI,25,yunusabad
Аренда Ц-5 2 ком на 2-й этаж,https://www.olx.uz/d/obyavlenie/arenda-ts-5-2-kom-na-2-y-etazh-ID44AaO.html,750 у.е.,750.0,у.е,,,,,44AaO,25,yunusabad
Сдаётся 2 ух комнатная на Юнус Абаде,https://www.olx.uz/d/obyavlenie/sdaetsya-2-uh-komnatnaya-na-yunus-abade-ID4ejUh.html,350 у.е.,350.0,у.е,,,,,4ejUh,25,yunusabad
Arenda Yunusobod  2xona,https://www.olx.uz/d/obyavlenie/arenda-yunusobod-2xona-ID4enuw.html,900 у.е.,900.0,у.е,,,,,4enuw,25,yunusabad
Kvartira areda ayollar uchun,https://www.olx.uz/d/obyavlenie/kvartira-areda-ayollar-uchun-ID4enq1.html,1 000 000 сум Договорная,1000000.0,сум,,,,,4enq1,25,yunusabad
Аренда 2 комнатной квартиры Юнусабад 7-квартал Ор-р Корзинка|Новострой,https://www.olx.uz/d/obyavlenie/arenda-2-komnatnoy-kvartiry-yunusabad-7-kvartal-or-r-korzinka-novostroy-ID4dAhF.html,550 у.е.,550.0,у.е,,,,,4dAhF,25,yunusabad
Сдается квартира Ц-5 | Юнусабадский | полный комфорт | пожарка | минор,https://www.olx.uz/d/obyavlenie/sdaetsya-kvartira-ts-5-yunusabadskiy-polnyy-komfort-pozharka-minor-ID4a48O.html,650 у.е.,650.0,у.е,,,,,4a48O,25,yunusabad
Аренда.  Юнусабад. 19. Кв.  С. Хозяйкой.   Для.    11.  Девушке,https://www.olx.uz/d/obyavlenie/arenda-yunusabad-19-kv-s-hozyaykoy-dlya-11-devushke-ID4cTPI.html,150 у.е.,150.0,у.е,,,,,4cTPI,25,yunusabad
Oilalilar uchun uy ijaraga beriladi,https://www.olx.uz/d/obyavlenie/oilalilar-uchun-uy-ijaraga-beriladi-ID4em4Q.html,720 у.е.,720.0,у.е,,,,,4em4Q,25,yunusabad
Yunusobod sheriklik 11 kvartal,https://www.olx.uz/d/obyavlenie/yunusobod-sheriklik-11-kvartal-ID4eb0e.html,90 у.е.,90.0,у.е,,,,,4eb0e,25,yunusabad
Сдаётся элитная квартира в центре Ташкента,https://www.olx.uz/d/obyavlenie/sdaetsya-elitnaya-kvartira-v-tsentre-tashkenta-ID2r3sv.html,700 у.е.,700.0,у.е,,,,,2r3sv,25,yunusabad
"Сдаю кваритру на Юнусабадском районе ""ЖК Мегаполис"" 2/8/13 Фара*",https://www.olx.uz/d/obyavlenie/sdayu-kvaritru-na-yunusabadskom-rayone-zhk-megapolis-2-8-13-fara-ID4enoX.html,500 у.е. Договорная,500.0,у.е,,,,,4enoX,25,yunusabad
Аренда 3 комнатной квартиры Ц-5 Ор-р Фин.Институт м.Минор,https://www.olx.uz/d/obyavlenie/arenda-3-komnatnoy-kvartiry-ts-5-or-r-fin-institut-m-minor-ID4dAgJ.html,700 у.е.,700.0,у.е,,,,,4dAgJ,25,yunusabad
Сдаётся в аренду квартира Люкс!4/8/8 Новостройка,https://www.olx.uz/d/obyavlenie/sdaetsya-v-arendu-kvartira-lyuks-4-8-8-novostroyka-ID2c8Tf.html,1 200 у.е.,1200.0,у.е,,,,,2c8Tf,25,yunusabad
Аренда 2х комнатная квартира метро Юнусабад 11 MEGAPALANET,https://www.olx.uz/d/obyavlenie/arenda-2h-komnatnaya-kvartira-metro-yunusabad-11-megapalanet-ID4dcnS.html,500 у.е. Договорная,500.0,у.е,,,,,4dcnS,25,yunusabad
Аренда ц5 срочно,https://www.olx.uz/d/obyavlenie/arenda-ts5-srochno-ID4csfD.html,600 у.е.,600.0,у.е,,,,,4csfD,25,yunusabad
СДАЁТСЯ Уютная квартира 2х /2/9 Юнусабадский р-н ЖК Богишамол Сампи,https://www.olx.uz/d/obyavlenie/sdaetsya-uyutnaya-kvartira-2h-2-9-yunusabadskiy-r-n-zhk-bogishamol-sampi-ID4enlS.html,400 у.е. Договорная,400.0,у.е,,,,,4enlS,25,yunusabad
Сдам двух комнатную квартиру Ориентир Ц1,https://www.olx.uz/d/obyavlenie/sdam-dvuh-komnatnuyu-kvartiru-orientir-ts1-ID1SuhW.html,600 у.е.,600.0,у.е,,,,,1SuhW,25,yunusabad
Сдается квартира в центре после ремонта,https://www.olx.uz/d/obyavlenie/sdaetsya-kvartira-v-tsentre-posle-remonta-ID392Em.html,650 у.е.,650.0,у.е,,,,,392Em,25,yunusabad
Сдаётся квартира на Юнусабад  11-квартал,https://www.olx.uz/d/obyavlenie/sdaetsya-kvartira-na-yunusabad-11-kvartal-ID3LgrN.html,550 у.е.,550.0,у.е,,,,,3LgrN,25,yunusabad
Сдаётся новая своя 2х ком. кв. в Новостройке на Паркентской улице,https://www.olx.uz/d/obyavlenie/sdaetsya-novaya-svoya-2h-kom-kv-v-novostroyke-na-parkentskoy-ulitse-ID45BpC.html,850 у.е.,850.0,у.е,,,,,45BpC,25,yunusabad
Аренда !  Юнусабад - 7  1-2/2/4  ориентир Альфраганус,https://www.olx.uz/d/obyavlenie/arenda-yunusabad-7-1-2-2-4-orientir-alfraganus-ID3gy7k.html,350 у.е.,350.0,у.е,,,,,3gy7k,25,yunusabad
Ijaraga bollarga kvartira,https://www.olx.uz/d/obyavlenie/ijaraga-bollarga-kvartira-ID4elwh.html,900 000 сум,900000.0,сум,,,,,4elwh,25,yunusabad
3/4/7 Новостройка Срочно сдам евро люкс квартиру в центре города,https://www.olx.uz/d/obyavlenie/3-4-7-novostroyka-srochno-sdam-evro-lyuks-kvartiru-v-tsentre-goroda-ID12XEa.html,1 000 у.е.,1000.0,у.е,,,,,12XEa,25,yunusabad
Сдается на Ц-4 2/3/9,https://www.olx.uz/d/obyavlenie/sdaetsya-na-ts-4-2-3-9-ID1I6kl.html,550 у.е.,550.0,у.е,,,,,1I6kl,25,yunusabad
Сдается 3/3/9 в центре,https://www.olx.uz/d/obyavlenie/sdaetsya-3-3-9-v-tsentre-ID1GMfr.html,700 у.е.,700.0,у.е,,,,,1GMfr,25,yunusabad
Сдается Квартира,https://www.olx.uz/d/obyavlenie/sdaetsya-kvartira-ID2Hkpn.html,600 у.е. Договорная,600.0,у.е,,,,,2Hkpn,25,yunusabad
3/2/8 Сдаётся шикарная евро люкс квартира Ориентир Ц5,https://www.olx.uz/d/obyavlenie/3-2-8-sdaetsya-shikarnaya-evro-lyuks-kvartira-orientir-ts5-ID11cT6.html,800 у.е.,800.0,у.е,,,,,11cT6,25,yunusabad
квартира Срочно сдаём,https://www.olx.uz/d/obyavlenie/kvartira-srochno-sdaem-ID1D14s.html,750 у.е.,750.0,у.е,,,,,1D14s,25,yunusabad
Сдается 2/2/4 на Ц-4,https://www.olx.uz/d/obyavlenie/sdaetsya-2-2-4-na-ts-4-ID1HMSN.html,650 у.е. Договорная,650.0,у.е,,,,,1HMSN,25,yunusabad
Сдаётся квартира Ц-5 Массив Киет.,https://www.olx.uz/d/obyavlenie/sdaetsya-kvartira-ts-5-massiv-kiet-ID2Xgwf.html,1 000 у.е.,1000.0,у.е,,,,,2Xgwf,25,yunusabad
Сдаётся  дуплекс в Новостройке Жк Миллениум,https://www.olx.uz/d/obyavlenie/sdaetsya-dupleks-v-novostroyke-zhk-millenium-ID315Ie.html,2 000 у.е.,2000.0,у.е,,,,,315Ie,25,yunusabad
Срочна!!!Аренда Юнусабад 4 кв 2 ком,https://www.olx.uz/d/obyavlenie/srochna-arenda-yunusabad-4-kv-2-kom-ID3KqkJ.html,550 у.е.,550.0,у.е,,,,,3KqkJ,25,yunusabad
СРОЧНО Сдается 4Х комнатная квартира с парковкой на Юнусабаде!,https://www.olx.uz/d/obyavlenie/srochno-sdaetsya-4h-komnatnaya-kvartira-s-parkovkoy-na-yunusabade-ID4em5P.html,1 550 у.е. Договорная,1550.0,у.е,,,,,4em5P,25,yunusabad
"Metro chorsu. Depozit 300$. Makleri yoq, ozimniki! 1-Dekabr boshidi!",https://www.olx.uz/d/obyavlenie/metro-chorsu-depozit-300-makleri-yoq-ozimniki-1-dekabr-boshidi-ID4atpZ.html,700 у.е.,700.0,у.е,,,,,4atpZ,25,yunusabad
Сдача в аренду 2-х комн. в жк «Muhtasham»,https://www.olx.uz/d/obyavlenie/sdacha-v-arendu-2-h-komn-v-zhk-muhtasham-ID3QZRF.html,1 500 у.е.,1500.0,у.е,,,,,3QZRF,25,yunusabad
Аренда Парламент 2 ком,https://www.olx.uz/d/obyavlenie/arenda-parlament-2-kom-ID42KC6.html,600 у.е.,600.0,у.е,,,,,42KC6,25,yunusabad
ARENDA  Yunusobod-7   2xona,https://www.olx.uz/d/obyavlenie/arenda-yunusobod-7-2xona-ID4enmA.html,1 000 у.е.,1000.0,у.е,,,,,4enmA,25,yunusabad
Срочно сдам в аренду Сергели Достлик 2,https://www.olx.uz/d/obyavlenie/srochno-sdam-v-arendu-sergeli-dostlik-2-ID4enlq.html,350 у.е.,350.0,у.е,,,,,4enlq,25,yunusabad
Аренда Квартиры ЖК Манзара,https://www.olx.uz/d/obyavlenie/arenda-kvartiry-zhk-manzara-ID4dYK7.html,700 у.е.,700.0,у.е,,,,,4dYK7,25,yunusabad
Сдаётся квартира Юнусабад 4 й квартал. Ориентир Шифо Нур клиника.,https://www.olx.uz/d/obyavlenie/sdaetsya-kvartira-yunusabad-4-y-kvartal-orientir-shifo-nur-klinika-ID4enlG.html,700 у.е.,700.0,у.е,,,,,4enlG,25,yunusabad
"Аренда Юнусабад  8квартал 1/2/9

Юнусабад 
Ориентир High",https://www.olx.uz/d/obyavlenie/arenda-yunusabad-8kvartal-1-2-9yunusabad-orientir-high-ID4apoV.html,500 у.е.,500.0,у.е,,,,,4apoV,25,yunusabad
Сдается квартира.. в Габусе на Ц-4,https://www.olx.uz/d/obyavlenie/sdaetsya-kvartira-v-gabuse-na-ts-4-ID3rF0b.html,1 400 у.е.,1400.0,у.е,,,,,3rF0b,25,yunusabad
Сдается квартира в центре на Алайском,https://www.olx.uz/d/obyavlenie/sdaetsya-kvartira-v-tsentre-na-alayskom-ID3q89G.html,1 300 у.е.,1300.0,у.е,,,,,3q89G,25,yunusabad
Сдаётся квартира на Ц5‼️ Apartment for rent on S5‼️,https://www.olx.uz/d/obyavlenie/sdaetsya-kvartira-na-ts5-apartment-for-rent-on-s5-ID3FE8h.html,1 000 у.е.,1000.0,у.е,,,,,3FE8h,25,yunusabad
Юнусабад Мегапланет сдается 2х комнатная квартира на аренду,https://www.olx.uz/d/obyavlenie/yunusabad-megaplanet-sdaetsya-2h-komnatnaya-kvartira-na-arendu-ID4en7V.html,320 у.е. Договорная,320.0,у.е,,,,,4en7V,25,yunusabad
Сдается кватира Голден Хаус,https://www.olx.uz/d/obyavlenie/sdaetsya-kvatira-golden-haus-ID33i8f.html,600 у.е.,600.0,у.е,,,,,33i8f,25,yunusabad
Дархан новостройка после ремонта,https://www.olx.uz/d/obyavlenie/darhan-novostroyka-posle-remonta-ID3e4zj.html,1 200 у.е.,1200.0,у.е,,,,,3e4zj,25,yunusabad
Arenda  Yunusobod -Bodomzor,https://www.olx.uz/d/obyavlenie/arenda-yunusobod-bodomzor-ID4en4E.html,200 у.е.,200.0,у.е,,,,,4en4E,25,yunusabad
Сдаётся квартира на ЖК Манзара‼️,https://www.olx.uz/d/obyavlenie/sdaetsya-kvartira-na-zhk-manzara-ID3zCE0.html,500 у.е.,500.0,у.е,,,,,3zCE0,25,yunusabad
"Аренда 3 комн. квартиры ор-р: Финансовый Институт, Ц5",https://www.olx.uz/d/obyavlenie/arenda-3-komn-kvartiry-or-r-finansovyy-institut-ts5-ID4dA7M.html,800 у.е.,800.0,у.е,,,,,4dA7M,25,yunusabad
Arenda  Yunusobod -11 2 xonali,https://www.olx.uz/d/obyavlenie/arenda-yunusobod-11-2-xonali-ID4enjT.html,700 у.е.,700.0,у.е,,,,,4enjT,25,yunusabad
Yunusobot 14 kvatr,https://www.olx.uz/d/obyavlenie/yunusobot-14-kvatr-ID4en1r.html,550 у.е.,550.0,у.е,,,,,4en1r,25,yunusabad
Квартира сдаётся Юнусабад Американское посольство. ЖК Зарафшан.,https://www.olx.uz/d/obyavlenie/kvartira-sdaetsya-yunusabad-amerikanskoe-posolstvo-zhk-zarafshan-ID4enja.html,800 у.е.,800.0,у.е,,,,,4enja,25,yunusabad
2 xona kvartira ijaraga beriladi.Bodomzor metro 15 daqiqa,https://www.olx.uz/d/obyavlenie/2-xona-kvartira-ijaraga-beriladi-bodomzor-metro-15-daqiqa-ID4emTW.html,300 у.е.,300.0,у.е,,,,,4emTW,25,yunusabad
Аренда квартиры 2х ком Юнусабад 13-квартал Новостройка,https://www.olx.uz/d/obyavlenie/arenda-kvartiry-2h-kom-yunusabad-13-kvartal-novostroyka-ID4dYFp.html,600 у.е.,600.0,у.е,,,,,4dYFp,25,yunusabad
Сдается 2 ком Юнусабад. ЖК Manzara. ТЦ High Town,https://www.olx.uz/d/obyavlenie/sdaetsya-2-kom-yunusabad-zhk-manzara-tts-high-town-ID4enh5.html,500 у.е.,500.0,у.е,,,,,4enh5,25,yunusabad
Yunusobod Minor metro yaqinida kvartira Irgatsiya qulay joyda joylashg,https://www.olx.uz/d/obyavlenie/yunusobod-minor-metro-yaqinida-kvartira-irgatsiya-qulay-joyda-joylashg-ID4emKi.html,350 у.е. Договорная,350.0,у.е,,,,,4emKi,25,yunusabad
Arenda Yunusobod-13 2  xonali,https://www.olx.uz/d/obyavlenie/arenda-yunusobod-13-2-xonali-ID4enfB.html,800 у.е.,800.0,у.е,,,,,4enfB,25,yunusabad
Сдаю аренда  Квартира  в Юнусабадском,https://www.olx.uz/d/obyavlenie/sdayu-arenda-kvartira-v-yunusabadskom-ID4enfA.html,200 у.е.,200.0,у.е,,,,,4enfA,25,yunusabad
Аренда Шахристанская Новастройка,https://www.olx.uz/d/obyavlenie/arenda-shahristanskaya-novastroyka-ID4ene3.html,700 у.е.,700.0,у.е,,,,,4ene3,25,yunusabad
Arenda Yunusobod,https://www.olx.uz/d/obyavlenie/arenda-yunusobod-ID4enb3.html,650 у.е.,650.0,у.е,,,,,4enb3,25,yunusabad
Юунсабад 8-кв 1.хонали 2.хонали клинган Факат Оилага берилади,https://www.olx.uz/d/obyavlenie/yuunsabad-8-kv-1-honali-2-honali-klingan-fakat-oilaga-beriladi-ID3Vsax.html,350 у.е.,350.0,у.е,,,,,3Vsax,25,yunusabad
Сдаётся квартира на Ц2‼️,https://www.olx.uz/d/obyavlenie/sdaetsya-kvartira-na-ts2-ID3Co7m.html,800 у.е.,800.0,у.е,,,,,3Co7m,25,yunusabad
Уютная 3х комнатная на Шахристанской 3/1/4,https://www.olx.uz/d/obyavlenie/uyutnaya-3h-komnatnaya-na-shahristanskoy-3-1-4-ID44iYL.html,650 у.е.,650.0,у.е,,,,,44iYL,25,yunusabad
Сдаётся квартира в аренду 2-ком 2/9 На Алайском ор-р Ц4,https://www.olx.uz/d/obyavlenie/sdaetsya-kvartira-v-arendu-2-kom-2-9-na-alayskom-or-r-ts4-ID4dvme.html,600 у.е.,600.0,у.е,,,,,4dvme,25,yunusabad
сдается на сампи в новостройке,https://www.olx.uz/d/obyavlenie/sdaetsya-na-sampi-v-novostroyke-ID2VDPE.html,650 у.е.,650.0,у.е,,,,,2VDPE,25,yunusabad
Юунсабад 11-кв Мегапланет 2.хонали Новостройка в центре города,https://www.olx.uz/d/obyavlenie/yuunsabad-11-kv-megaplanet-2-honali-novostroyka-v-tsentre-goroda-ID4dvny.html,550 у.е.,550.0,у.е,,,,,4dvny,25,yunusabad
yunusobod 13 kvartl qizlarga,https://www.olx.uz/d/obyavlenie/yunusobod-13-kvartl-qizlarga-ID497Ra.html,100 у.е.,100.0,у.е,,,,,497Ra,25,yunusabad
Жк Казахстан! Сдается новая квартира в элит комплексе!,https://www.olx.uz/d/obyavlenie/zhk-kazahstan-sdaetsya-novaya-kvartira-v-elit-komplekse-ID3G2vV.html,1 000 у.е. Договорная,1000.0,у.е,,,,,3G2vV,25,yunusabad
R3 Сдаётся квартира 2/6/11 на Юнусабаде ор-р 17-Квартал!,https://www.olx.uz/d/obyavlenie/r3-sdaetsya-kvartira-2-6-11-na-yunusabade-or-r-17-kvartal-ID4ee6W.html,500 у.е. Договорная,500.0,у.е,,,,,4ee6W,25,yunusabad
R4 Сдаётся квартира  2/3/13 на ЖК Манзара Сити !,https://www.olx.uz/d/obyavlenie/r4-sdaetsya-kvartira-2-3-13-na-zhk-manzara-siti-ID4elQ2.html,400 у.е. Договорная,400.0,у.е,,,,,4elQ2,25,yunusabad
Аренда Юнусабад 4 КВ 4хКом,https://www.olx.uz/d/obyavlenie/arenda-yunusabad-4-kv-4hkom-ID3Nqns.html,750 у.е. Договорная,750.0,у.е,,,,,3Nqns,25,yunusabad
Аренда Юнусабад ц-5 3х/Ком,https://www.olx.uz/d/obyavlenie/arenda-yunusabad-ts-5-3h-kom-ID3HChl.html,600 у.е.,600.0,у.е,,,,,3HChl,25,yunusabad
Аренда квартиры. Юнусабад-3.  4в3/3/4  86м²,https://www.olx.uz/d/obyavlenie/arenda-kvartiry-yunusabad-3-4v3-3-4-86m-ID4en6C.html,650 у.е.,650.0,у.е,,,,,4en6C,25,yunusabad
Аренда Юнусабад метро Туркистан,https://www.olx.uz/d/obyavlenie/arenda-yunusabad-metro-turkistan-ID3LpWI.html,600 у.е.,600.0,у.е,,,,,3LpWI,25,yunusabad
Аренда 13 кв Мегатавир 2 комнота,https://www.olx.uz/d/obyavlenie/arenda-13-kv-megatavir-2-komnota-ID3xTrA.html,650 у.е.,650.0,у.е,,,,,3xTrA,25,yunusabad
Аренда Жк Манзара 3х/Ком,https://www.olx.uz/d/obyavlenie/arenda-zhk-manzara-3h-kom-ID3GF3F.html,700 у.е.,700.0,у.е,,,,,3GF3F,25,yunusabad
Аренда Юнусабад 3хКом,https://www.olx.uz/d/obyavlenie/arenda-yunusabad-3hkom-ID3SMKZ.html,800 у.е. Договорная,800.0,у.е,,,,,3SMKZ,25,yunusabad
Аренда Ц-5 Метро Минор,https://www.olx.uz/d/obyavlenie/arenda-ts-5-metro-minor-ID3DOEp.html,500 у.е.,500.0,у.е,,,,,3DOEp,25,yunusabad
Аренда Жк  Манзур,https://www.olx.uz/d/obyavlenie/arenda-zhk-manzur-ID3TvqK.html,600 у.е.,600.0,у.е,,,,,3TvqK,25,yunusabad
R1 Сдаётся ШИКАРНАЯ квартира 2/2/5 на Юнусабадском р-н метро Минор.,https://www.olx.uz/d/obyavlenie/r1-sdaetsya-shikarnaya-kvartira-2-2-5-na-yunusabadskom-r-n-metro-minor-ID3WVQn.html,450 у.е. Договорная,450.0,у.е,,,,,3WVQn,25,yunusabad
R1 Сдаётся квартира 2/2/5 на Юнусабадском ор-р Mega Planet,https://www.olx.uz/d/obyavlenie/r1-sdaetsya-kvartira-2-2-5-na-yunusabadskom-or-r-mega-planet-ID3Uzks.html,400 у.е. Договорная,400.0,у.е,,,,,3Uzks,25,yunusabad
R1 Сдаётся квартира 2/4/16 в ЖК Хон Сарой!,https://www.olx.uz/d/obyavlenie/r1-sdaetsya-kvartira-2-4-16-v-zhk-hon-saroy-ID3WCb1.html,500 у.е. Договорная,500.0,у.е,,,,,3WCb1,25,yunusabad
R1! Сдаётся квартира 1/2/5 в Юнусабадском ор-р Сайрам!,https://www.olx.uz/d/obyavlenie/r1-sdaetsya-kvartira-1-2-5-v-yunusabadskom-or-r-sayram-ID3WhN7.html,350 у.е. Договорная,350.0,у.е,,,,,3WhN7,25,yunusabad
R5 Сдается ШИКАРНАЯ квартира 1/3/4 на Юнусабадском р-н Ц5!,https://www.olx.uz/d/obyavlenie/r5-sdaetsya-shikarnaya-kvartira-1-3-4-na-yunusabadskom-r-n-ts5-ID3TLIw.html,450 у.е. Договорная,450.0,у.е,,,,,3TLIw,25,yunusabad
"R1! Сдаётся Квартира 2/3/9 на Юнусабадский, ор-р 18 квартал!",https://www.olx.uz/d/obyavlenie/r1-sdaetsya-kvartira-2-3-9-na-yunusabadskiy-or-r-18-kvartal-ID3WRHg.html,450 у.е. Договорная,450.0,у.е,,,,,3WRHg,25,yunusabad
R1 Сдаётся Шикарная квартира 2/3/9 на Ц5 ор-р Минор!,https://www.olx.uz/d/obyavlenie/r1-sdaetsya-shikarnaya-kvartira-2-3-9-na-ts5-or-r-minor-ID3W8ph.html,500 у.е. Договорная,500.0,у.е,,,,,3W8ph,25,yunusabad
R1 Сдаётся квартира 2/3/9 на Мега Планет!,https://www.olx.uz/d/obyavlenie/r1-sdaetsya-kvartira-2-3-9-na-mega-planet-ID3SiAp.html,500 у.е. Договорная,500.0,у.е,,,,,3SiAp,25,yunusabad
R5! Сдаётся Квартира 2/4/9 на Юнусабаде ор-р 8-й Квартал!,https://www.olx.uz/d/obyavlenie/r5-sdaetsya-kvartira-2-4-9-na-yunusabade-or-r-8-y-kvartal-ID3XcJH.html,500 у.е. Договорная,500.0,у.е,,,,,3XcJH,25,yunusabad
R2! Сдаётся Квартира 2/2/5 на Юнусабадском ор-р Шахристан,https://www.olx.uz/d/obyavlenie/r2-sdaetsya-kvartira-2-2-5-na-yunusabadskom-or-r-shahristan-ID3WQj9.html,400 у.е. Договорная,400.0,у.е,,,,,3WQj9,25,yunusabad
"R1! Сдаётся квартира 3/2/9 на Юнусабаде, ор-р Посольства США!",https://www.olx.uz/d/obyavlenie/r1-sdaetsya-kvartira-3-2-9-na-yunusabade-or-r-posolstva-ssha-ID3WHDU.html,600 у.е. Договорная,600.0,у.е,,,,,3WHDU,25,yunusabad
R1 Сдаётся квартира 2/3/9 на метро Минор,https://www.olx.uz/d/obyavlenie/r1-sdaetsya-kvartira-2-3-9-na-metro-minor-ID3Zr3I.html,450 у.е. Договорная,450.0,у.е,,,,,3Zr3I,25,yunusabad
R5 Сдаётся УЮТНАЯ квартира 2/2/5 на Юнусабадском ор-р Алайский рынок!,https://www.olx.uz/d/obyavlenie/r5-sdaetsya-uyutnaya-kvartira-2-2-5-na-yunusabadskom-or-r-alayskiy-rynok-ID3Uaf7.html,500 у.е. Договорная,500.0,у.е,,,,,3Uaf7,25,yunusabad
R3Сдаётся  квартира 2/3/9 на Юнусабаде ор-р Алайский рынок!,https://www.olx.uz/d/obyavlenie/r3sdaetsya-kvartira-2-3-9-na-yunusabade-or-r-alayskiy-rynok-ID4cxuD.html,500 у.е. Договорная,500.0,у.е,,,,,4cxuD,25,yunusabad
R3Сдаётся квартира 2/4/11 в Юнусабадском районе на Бадамзаре !,https://www.olx.uz/d/obyavlenie/r3sdaetsya-kvartira-2-4-11-v-yunusabadskom-rayone-na-badamzare-ID4cxtj.html,500 у.е. Договорная,500.0,у.е,,,,,4cxtj,25,yunusabad
!R2 Сдаётся квартира 2/3/5 на Юнусабадском р-н САМПИ!,https://www.olx.uz/d/obyavlenie/r2-sdaetsya-kvartira-2-3-5-na-yunusabadskom-r-n-sampi-ID3Micf.html,450 у.е. Договорная,450.0,у.е,,,,,3Micf,25,yunusabad
R5 Сдается 2/2/9 квартира на метро Юнусабад Ор-р ТЦ Мега Планет,https://www.olx.uz/d/obyavlenie/r5-sdaetsya-2-2-9-kvartira-na-metro-yunusabad-or-r-tts-mega-planet-ID3LZhj.html,500 у.е. Договорная,500.0,у.е,,,,,3LZhj,25,yunusabad
R1 Сдаётся ШИКАРНАЯ квартира 2/2/4 на Юнусабад ор-р Алайский рынок!,https://www.olx.uz/d/obyavlenie/r1-sdaetsya-shikarnaya-kvartira-2-2-4-na-yunusabad-or-r-alayskiy-rynok-ID3TgHU.html,500 у.е. Договорная,500.0,у.е,,,,,3TgHU,25,yunusabad
Аренда Юнусабад 11 КВ 3хКом,https://www.olx.uz/d/obyavlenie/arenda-yunusabad-11-kv-3hkom-ID3Nqpg.html,800 у.е.,800.0,у.е,,,,,3Nqpg,25,yunusabad
Ц6 3/7/8 упакофка гг аристократичная новостройка,https://www.olx.uz/d/obyavlenie/ts6-3-7-8-upakofka-gg-aristokratichnaya-novostroyka-ID16yey.html,1 500 у.е. Договорная,1500.0,у.е,,,,,16yey,25,yunusabad
Аренда шикарной квартиры в новостройке Элитный ЖК ЦЕНТРЕ ГОРОДА ID020,https://www.olx.uz/d/obyavlenie/arenda-shikarnoy-kvartiry-v-novostroyke-elitnyy-zhk-tsentre-goroda-id020-ID3CQbj.html,900 у.е. Договорная,900.0,у.е,,,,,3CQbj,25,yunusabad
Жк Kazakhstan! 3ка 90м2 с Авторским ремонтом рядом рядом с метро Минор,https://www.olx.uz/d/obyavlenie/zhk-kazakhstan-3ka-90m2-s-avtorskim-remontom-ryadom-ryadom-s-metro-minor-ID44ueE.html,1 150 у.е. Договорная,1150.0,у.е,,,,,44ueE,25,yunusabad
Арендв Юнусабад 5 кв 4 Ком,https://www.olx.uz/d/obyavlenie/arendv-yunusabad-5-kv-4-kom-ID4dYtY.html,800 у.е.,800.0,у.е,,,,,4dYtY,25,yunusabad
Новостройка Алайский! 3х комнатная квартира 110м2 с шикарным ремонтом!,https://www.olx.uz/d/obyavlenie/novostroyka-alayskiy-3h-komnatnaya-kvartira-110m2-s-shikarnym-remontom-ID44mi0.html,1 200 у.е. Договорная,1200.0,у.е,,,,,44mi0,25,yunusabad
Parisien kvartira v arendu,https://www.olx.uz/d/obyavlenie/parisien-kvartira-v-arendu-ID4aRUZ.html,1 700 у.е.,1700.0,у.е,,,,,4aRUZ,25,yunusabad
Срочно аренда квартиры 4/2/9 Ц-4 Ориентир корзинка Шедевр,https://www.olx.uz/d/obyavlenie/srochno-arenda-kvartiry-4-2-9-ts-4-orientir-korzinka-shedevr-ID4aknW.html,700 у.е. Договорная,700.0,у.е,,,,,4aknW,25,yunusabad
Сдается Ц6 Никто не жил!!!,https://www.olx.uz/d/obyavlenie/sdaetsya-ts6-nikto-ne-zhil-ID2IcTn.html,700 у.е.,700.0,у.е,,,,,2IcTn,25,yunusabad
Сдается Алайский (Гоголя) 2/3/4,https://www.olx.uz/d/obyavlenie/sdaetsya-alayskiy-gogolya-2-3-4-ID1I6ip.html,600 у.е.,600.0,у.е,,,,,1I6ip,25,yunusabad
Аренда Юнусабад  Ц5 3Ком,https://www.olx.uz/d/obyavlenie/arenda-yunusabad-ts5-3kom-ID4dYt8.html,800 у.е.,800.0,у.е,,,,,4dYt8,25,yunusabad
"Сдаётся 2-комнатная квартира, ЖК Хон Сарой!!",https://www.olx.uz/d/obyavlenie/sdaetsya-2-komnatnaya-kvartira-zhk-hon-saroy-ID4dbZi.html,500 у.е.,500.0,у.е,,,,,4dbZi,25,yunusabad
Юнсобод 15 квартал баходир,https://www.olx.uz/d/obyavlenie/yunsobod-15-kvartal-bahodir-ID4en4d.html,450 у.е.,450.0,у.е,,,,,4en4d,25,yunusabad
Юнусабад-7  1(2)/3/4  с обстановкой  ор-р  Альфраганус,https://www.olx.uz/d/obyavlenie/yunusabad-7-12-3-4-s-obstanovkoy-or-r-alfraganus-ID3VHKv.html,350 у.е.,350.0,у.е,,,,,3VHKv,25,yunusabad
ЖК Барокко АРЕНДА Квартиры,https://www.olx.uz/d/obyavlenie/zhk-barokko-arenda-kvartiry-ID4en1E.html,1 300 у.е.,1300.0,у.е,,,,,4en1E,25,yunusabad
Сдам квартиру на ТТЗ-4 общижитие Своя (без маклерской оплаты),https://www.olx.uz/d/obyavlenie/sdam-kvartiru-na-ttz-4-obschizhitie-svoya-bez-maklerskoy-oplaty-ID48A3a.html,2 500 000 сум,2500000.0,сум,,,,,48A3a,25,yunusabad
Юнусабад 13кв Аренда 1 комн 2 этаж,https://www.olx.uz/d/obyavlenie/yunusabad-13kv-arenda-1-komn-2-etazh-ID4dYpe.html,500 у.е.,500.0,у.е,,,,,4dYpe,25,yunusabad
2-х комнатная квартира на Ц-5 для комфортного проживания!,https://www.olx.uz/d/obyavlenie/2-h-komnatnaya-kvartira-na-ts-5-dlya-komfortnogo-prozhivaniya-ID3uZVH.html,600 у.е.,600.0,у.е,,,,,3uZVH,25,yunusabad
Срочно сдаю 3 ком/4/5 на Юнусабаде Ор-р Мегапланет,https://www.olx.uz/d/obyavlenie/srochno-sdayu-3-kom-4-5-na-yunusabade-or-r-megaplanet-ID35jS9.html,700 у.е.,700.0,у.е,,,,,35jS9,25,yunusabad
Arenda bodomzor mahallasida uy srochna,https://www.olx.uz/d/obyavlenie/arenda-bodomzor-mahallasida-uy-srochna-ID3Gew3.html,1 500 у.е.,1500.0,у.е,,,,,3Gew3,25,yunusabad
Аренда 1 комнатной квартиры Юнусабад ЖК Manzara ор-р ТЦ Hightown,https://www.olx.uz/d/obyavlenie/arenda-1-komnatnoy-kvartiry-yunusabad-zhk-manzara-or-r-tts-hightown-ID4ekON.html,380 у.е.,380.0,у.е,,,,,4ekON,25,yunusabad
Жк Дипломат (Xonsaroy)! Новая 3-комнатная квартира в аренду!,https://www.olx.uz/d/obyavlenie/zhk-diplomat-xonsaroy-novaya-3-komnatnaya-kvartira-v-arendu-ID46YyN.html,800 у.е. Договорная,800.0,у.е,,,,,46YyN,25,yunusabad
Юнусабад 6 кварталда Алфраганус олдида 2 хона уй оилага ижарага берила,https://www.olx.uz/d/obyavlenie/yunusabad-6-kvartalda-alfraganus-oldida-2-hona-uy-oilaga-izharaga-berila-ID4emXb.html,400 у.е. Договорная,400.0,у.е,,,,,4emXb,25,yunusabad
Аренда 2 комнатной квартиры Ц-2 ЖК Poytaxt Gavxari метро А .Кодирий,https://www.olx.uz/d/obyavlenie/arenda-2-komnatnoy-kvartiry-ts-2-zhk-poytaxt-gavxari-metro-a-kodiriy-ID4eeVw.html,650 у.е.,650.0,у.е,,,,,4eeVw,25,yunusabad
Srochna 2 ta hona umumiy 3 kishiga arendaga beriladi,https://www.olx.uz/d/obyavlenie/srochna-2-ta-hona-umumiy-3-kishiga-arendaga-beriladi-ID4cH3t.html,90 у.е.,90.0,у.е,,,,,4cH3t,25,yunusabad
"Аренда долгосрочная, новостройка, 3-х комн.",https://www.olx.uz/d/obyavlenie/arenda-dolgosrochnaya-novostroyka-3-h-komn-ID3oxHI.html,12 500 000 сум,12500000.0,сум,,,,,3oxHI,25,yunusabad
Аренда 1х2/2/4 квартиры на Юнус-Абад-11 ориентир Мегапланет,https://www.olx.uz/d/obyavlenie/arenda-1h2-2-4-kvartiry-na-yunus-abad-11-orientir-megaplanet-ID3XcWu.html,500 у.е.,500.0,у.е,,,,,3XcWu,25,yunusabad
Сдается квартира юнусабадский р-н 4 комнатная,https://www.olx.uz/d/obyavlenie/sdaetsya-kvartira-yunusabadskiy-r-n-4-komnatnaya-ID4dbPr.html,1 500 у.е.,1500.0,у.е,,,,,4dbPr,25,yunusabad
Срочно сдам новую 2-ком квартиру для семьи,https://www.olx.uz/d/obyavlenie/srochno-sdam-novuyu-2-kom-kvartiru-dlya-semi-ID4dbOK.html,550 у.е. Договорная,550.0,у.е,,,,,4dbOK,25,yunusabad
Cдается 2/4/4 58кв Мегаполис Look Юнусабадский район 13квартал,https://www.olx.uz/d/obyavlenie/cdaetsya-2-4-4-58kv-megapolis-look-yunusabadskiy-rayon-13kvartal-ID3DQeb.html,400 у.е.,400.0,у.е,,,,,3DQeb,25,yunusabad
Жк Kazakhstan! 3х комнатная новая квартира в элитном жк в центре !,https://www.olx.uz/d/obyavlenie/zhk-kazakhstan-3h-komnatnaya-novaya-kvartira-v-elitnom-zhk-v-tsentre-ID44i1j.html,1 000 у.е. Договорная,1000.0,у.е,,,,,44i1j,25,yunusabad
Аренда квартиры метро Шархистанская!!!,https://www.olx.uz/d/obyavlenie/arenda-kvartiry-metro-sharhistanskaya-ID4dYhS.html,1 500 у.е.,1500.0,у.е,,,,,4dYhS,25,yunusabad
Жк Kazahstan! 3х комнатная квартира с прекрасным авторским ремонтом!,https://www.olx.uz/d/obyavlenie/zhk-kazahstan-3h-komnatnaya-kvartira-s-prekrasnym-avtorskim-remontom-ID440Y4.html,1 200 у.е. Договорная,1200.0,у.е,,,,,440Y4,25,yunusabad
Аренда Квартиры Юнусабад,https://www.olx.uz/d/obyavlenie/arenda-kvartiry-yunusabad-ID4emRp.html,500 у.е.,500.0,у.е,,,,,4emRp,25,yunusabad
Аренда Квартиры Юнусабад,https://www.olx.uz/d/obyavlenie/arenda-kvartiry-yunusabad-ID4emQy.html,600 у.е.,600.0,у.е,,,,,4emQy,25,yunusabad
uy ijaraga qizlarga,https://www.olx.uz/d/obyavlenie/uy-ijaraga-qizlarga-ID444pA.html,750 000 сум,750000.0,сум,,,,,444pA,25,yunusabad
Юнусабад-13 метро Юнусабад. МЕГА планет. Еш ОИЛАГА берилади,https://www.olx.uz/d/obyavlenie/yunusabad-13-metro-yunusabad-mega-planet-esh-oilaga-beriladi-ID4elxN.html,350 у.е.,350.0,у.е,,,,,4elxN,25,yunusabad
Сдается Элитная 2-ком квартира возле метро Минор,https://www.olx.uz/d/obyavlenie/sdaetsya-elitnaya-2-kom-kvartira-vozle-metro-minor-ID40MVA.html,450 у.е.,450.0,у.е,,,,,40MVA,25,yunusabad
Своя 3-х комнатная квартира на «Федорович»,https://www.olx.uz/d/obyavlenie/svoya-3-h-komnatnaya-kvartira-na-fedorovich-ID4e0NQ.html,1 100 у.е.,1100.0,у.е,,,,,4e0NQ,25,yunusabad
Аренда 3/9/11 квартира Мирзо Улугбек массив Феруза,https://www.olx.uz/d/obyavlenie/arenda-3-9-11-kvartira-mirzo-ulugbek-massiv-feruza-ID47IP0.html,1 000 у.е.,1000.0,у.е,,,,,47IP0,25,yunusabad
Срочно сдаётся 2х в центре Жк Казахстан!,https://www.olx.uz/d/obyavlenie/srochno-sdaetsya-2h-v-tsentre-zhk-kazahstan-ID3a2VT.html,850 у.е. Договорная,850.0,у.е,,,,,3a2VT,25,yunusabad
Аренда квартира Юнусабад,https://www.olx.uz/d/obyavlenie/arenda-kvartira-yunusabad-ID44k1m.html,500 у.е.,500.0,у.е,,,,,44k1m,25,yunusabad
Bollarga ijara 3 ta bola olinadi sheriklikka,https://www.olx.uz/d/obyavlenie/bollarga-ijara-3-ta-bola-olinadi-sheriklikka-ID4dzzL.html,1 000 000 сум,1000000.0,сум,,,,,4dzzL,25,yunusabad
Аренда квартира ор-р Мега Пленет 2-ком на Юнусабад-13 квартал,https://www.olx.uz/d/obyavlenie/arenda-kvartira-or-r-mega-plenet-2-kom-na-yunusabad-13-kvartal-ID40oDy.html,500 у.е.,500.0,у.е,,,,,40oDy,25,yunusabad
Сдаётся кв ЖК Шохсарой 2-ком/4/11 ро-н Юнусабад-4 кв,https://www.olx.uz/d/obyavlenie/sdaetsya-kv-zhk-shohsaroy-2-kom-4-11-ro-n-yunusabad-4-kv-ID40mqj.html,500 у.е.,500.0,у.е,,,,,40mqj,25,yunusabad
Срочно. Собствннник,https://www.olx.uz/d/obyavlenie/srochno-sobstvnnnik-ID33IHp.html,900 у.е.,900.0,у.е,,,,,33IHp,25,yunusabad
Квартира угил болаларга,https://www.olx.uz/d/obyavlenie/kvartira-ugil-bolalarga-ID35GV1.html,700 000 сум Договорная,700000.0,сум,,,,,35GV1,25,yunusabad
Юнусабад 19 квартал 2/3/5,https://www.olx.uz/d/obyavlenie/yunusabad-19-kvartal-2-3-5-ID4dzxZ.html,400 у.е.,400.0,у.е,,,,,4dzxZ,25,yunusabad
Жк Казахстан! Сдается новая 3-х комнатная квартира в элит комплексе!,https://www.olx.uz/d/obyavlenie/zhk-kazahstan-sdaetsya-novaya-3-h-komnatnaya-kvartira-v-elit-komplekse-ID3zMUW.html,1 300 у.е. Договорная,1300.0,у.е,,,,,3zMUW,25,yunusabad
"5 мин от Сквера!Сдается в Аренду на Ц2,BASRI BABA,Х.Алимжан",https://www.olx.uz/d/obyavlenie/5-min-ot-skvera-sdaetsya-v-arendu-na-ts2-basri-baba-h-alimzhan-ID4dY7n.html,700 у.е. Договорная,700.0,у.е,,,,,4dY7n,25,yunusabad
Bollarga minor metrodan kvartira yunusobod,https://www.olx.uz/d/obyavlenie/bollarga-minor-metrodan-kvartira-yunusobod-ID4emgQ.html,100 у.е.,100.0,у.е,,,,,4emgQ,25,yunusabad
Novaystroyka kvartira,https://www.olx.uz/d/obyavlenie/novaystroyka-kvartira-ID42WoY.html,180 у.е.,180.0,у.е,,,,,42WoY,25,yunusabad
Сдаётся в аренду 3-ком квартира в элитной ЖК Barocco Rent flat,https://www.olx.uz/d/obyavlenie/sdaetsya-v-arendu-3-kom-kvartira-v-elitnoy-zhk-barocco-rent-flat-ID4dfBG.html,1 300 у.е.,1300.0,у.е,,,,,4dfBG,25,yunusabad
"СДАЕТСЯ УЮТНАЯ 2-ком кв / ор-р ЖК ""Манзара""",https://www.olx.uz/d/obyavlenie/sdaetsya-uyutnaya-2-kom-kv-or-r-zhk-manzara-ID41kIF.html,450 у.е.,450.0,у.е,,,,,41kIF,25,yunusabad
Yunusobod Minor metro yonida,https://www.olx.uz/d/obyavlenie/yunusobod-minor-metro-yonida-ID4emvY.html,230 у.е.,230.0,у.е,,,,,4emvY,25,yunusabad
3 xonali kvartiraga qizlar bilan turishga srochno  1 ta qiz olinadi,https://www.olx.uz/d/obyavlenie/3-xonali-kvartiraga-qizlar-bilan-turishga-srochno-1-ta-qiz-olinadi-ID47CUz.html,800 000 сум Договорная,800000.0,сум,,,,,47CUz,25,yunusabad
СРОЧНО Сдаётся Оазис ул Чопон ота  Чиланзар-6 кв,https://www.olx.uz/d/obyavlenie/srochno-sdaetsya-oazis-ul-chopon-ota-chilanzar-6-kv-ID40maN.html,500 у.е.,500.0,у.е,,,,,40maN,25,yunusabad
Uy Ijarag Beriladi Manzil Mega Planeta yonida 2-xona Yunusabad,https://www.olx.uz/d/obyavlenie/uy-ijarag-beriladi-manzil-mega-planeta-yonida-2-xona-yunusabad-ID40q9d.html,500 у.е.,500.0,у.е,,,,,40q9d,25,yunusabad
Сдаётся уютно квартира Ц-5 Метро Минор 2-ком Юнусабадский,https://www.olx.uz/d/obyavlenie/sdaetsya-uyutno-kvartira-ts-5-metro-minor-2-kom-yunusabadskiy-ID40qkl.html,650 у.е.,650.0,у.е,,,,,40qkl,25,yunusabad
"TATU oldidan kvartura. bodomzor,bodomzor masjidiga ham yaqin",https://www.olx.uz/d/obyavlenie/tatu-oldidan-kvartura-bodomzor-bodomzor-masjidiga-ham-yaqin-ID3M015.html,800 000 сум,800000.0,сум,,,,,3M015,25,yunusabad
Сдаётся квартира ор-р Америка Посольство 2-ком/9/16 Юнусабад-6 кв,https://www.olx.uz/d/obyavlenie/sdaetsya-kvartira-or-r-amerika-posolstvo-2-kom-9-16-yunusabad-6-kv-ID40qls.html,550 у.е.,550.0,у.е,,,,,40qls,25,yunusabad
Юнусабад 7кв 500$,https://www.olx.uz/d/obyavlenie/yunusabad-7kv-500-ID4dznD.html,500 у.е.,500.0,у.е,,,,,4dznD,25,yunusabad
"Своя!! Аренда квартиры ц-5, Корзинка 90 кв 4 -3 ком",https://www.olx.uz/d/obyavlenie/svoya-arenda-kvartiry-ts-5-korzinka-90-kv-4-3-kom-ID4bllS.html,850 у.е.,850.0,у.е,,,,,4bllS,25,yunusabad
"Своя!..Аренда квартиры ц-5, 4в3 ком 90 кв",https://www.olx.uz/d/obyavlenie/svoya-arenda-kvartiry-ts-5-4v3-kom-90-kv-ID4aZRK.html,850 у.е.,850.0,у.е,,,,,4aZRK,25,yunusabad
Ijaraga honadon beriladi,https://www.olx.uz/d/obyavlenie/ijaraga-honadon-beriladi-ID3URIb.html,400 у.е. Договорная,400.0,у.е,,,,,3URIb,25,yunusabad
Arenda kvartira. Yunusobod 7. Korzinka yonida.,https://www.olx.uz/d/obyavlenie/arenda-kvartira-yunusobod-7-korzinka-yonida-ID4em0t.html,300 у.е.,300.0,у.е,,,,,4em0t,25,yunusabad
Bollarga minor metro yunusoboddan kvartira,https://www.olx.uz/d/obyavlenie/bollarga-minor-metro-yunusoboddan-kvartira-ID4em5h.html,100 у.е.,100.0,у.е,,,,,4em5h,25,yunusabad
Arenda тинчлик Гунча Yigitlarga  oila qizlarga,https://www.olx.uz/d/obyavlenie/arenda-tinchlik-guncha-yigitlarga-oila-qizlarga-ID41eRN.html,550 у.е.,550.0,у.е,,,,,41eRN,25,yunusabad
Arenda Минор Ц5 оилага  Yigitlar Oilaga Qizlarga,https://www.olx.uz/d/obyavlenie/arenda-minor-ts5-oilaga-yigitlar-oilaga-qizlarga-ID417IU.html,500 у.е.,500.0,у.е,,,,,417IU,25,yunusabad
"AРЕНДA - Квартира
#Новостройка",https://www.olx.uz/d/obyavlenie/arenda-kvartira-novostroyka-ID4docB.html,3 000 у.е.,3000.0,у.е,,,,,4docB,25,yunusabad
Сдается квартира в аренду Юнусабад!Срочно сдается!,https://www.olx.uz/d/obyavlenie/sdaetsya-kvartira-v-arendu-yunusabad-srochno-sdaetsya-ID4dXPd.html,360 у.е.,360.0,у.е,,,,,4dXPd,25,yunusabad
Сдается квартира в Юнусабаде!Срочно сдается,https://www.olx.uz/d/obyavlenie/sdaetsya-kvartira-v-yunusabade-srochno-sdaetsya-ID4dXP9.html,350 у.е.,350.0,у.е,,,,,4dXP9,25,yunusabad
Сдается квартира в аренду Юнусабад срочно!Манзара сити,https://www.olx.uz/d/obyavlenie/sdaetsya-kvartira-v-arendu-yunusabad-srochno-manzara-siti-ID4dXP6.html,390 у.е.,390.0,у.е,,,,,4dXP6,25,yunusabad
СРОЧНО! Сдаётся квартира по выгодной цене на Юнусбаде/ Мегапланет ID02,https://www.olx.uz/d/obyavlenie/srochno-sdaetsya-kvartira-po-vygodnoy-tsene-na-yunusbade-megaplanet-id02-ID4dzdr.html,700 у.е. Договорная,700.0,у.е,,,,,4dzdr,25,yunusabad
ЗВОНИТЕ ПРЯМО СЕЙЧАС! Cдаётся квартира в ЖК Мухташам Ц-5 / Минор метро,https://www.olx.uz/d/obyavlenie/zvonite-pryamo-seychas-cdaetsya-kvartira-v-zhk-muhtasham-ts-5-minor-metro-ID4dzdi.html,1 100 у.е. Договорная,1100.0,у.е,,,,,4dzdi,25,yunusabad
Аренда 2х ком. квартира (ЕВРОРЕМОНТ) Юнусабад (Полный комплект),https://www.olx.uz/d/obyavlenie/arenda-2h-kom-kvartira-evroremont-yunusabad-polnyy-komplekt-ID4ejCG.html,500 у.е. Договорная,500.0,у.е,,,,,4ejCG,25,yunusabad
Сдается квартира юнусабод 13,https://www.olx.uz/d/obyavlenie/sdaetsya-kvartira-yunusabod-13-ID4bJGX.html,450 у.е.,450.0,у.е,,,,,4bJGX,25,yunusabad
Квартира долгосрочная,https://www.olx.uz/d/obyavlenie/kvartira-dolgosrochnaya-ID3YRWC.html,600 у.е.,600.0,у.е,,,,,3YRWC,25,yunusabad
Ц-4. Кафе Централ. 3/8/8. 115м2,https://www.olx.uz/d/obyavlenie/ts-4-kafe-tsentral-3-8-8-115m2-ID4cB5N.html,1 200 у.е.,1200.0,у.е,,,,,4cB5N,25,yunusabad
Аренда ЖК Кислород (Сеул мун) 2 комнатная квартира,https://www.olx.uz/d/obyavlenie/arenda-zhk-kislorod-seul-mun-2-komnatnaya-kvartira-ID3IWQc.html,1 250 у.е. Договорная,1250.0,у.е,,,,,3IWQc,25,yunusabad
Сдается 4х комнатная квартира на ц1!!!,https://www.olx.uz/d/obyavlenie/sdaetsya-4h-komnatnaya-kvartira-na-ts1-ID4db4q.html,1 300 у.е.,1300.0,у.е,,,,,4db4q,25,yunusabad
СРОЧНО Сдается 4Х комнатная квартира с парковкой на Юнусабаде!,https://www.olx.uz/d/obyavlenie/srochno-sdaetsya-4h-komnatnaya-kvartira-s-parkovkoy-na-yunusabade-ID4em5P.html,1 550 у.е. Договорная,1550.0,у.е,,,,,4em5P,25,yunusabad
Oilalilar uchun uy ijaraga beriladi,https://www.olx.uz/d/obyavlenie/oilalilar-uchun-uy-ijaraga-beriladi-ID4em4Q.html,720 у.е.,720.0,у.е,,,,,4em4Q,25,yunusabad
Аренда ЖК Манзара 1 Ком,https://www.olx.uz/d/obyavlenie/arenda-zhk-manzara-1-kom-ID4em4c.html,380 у.е.,380.0,у.е,,,,,4em4c,25,yunusabad
1 xonali uy. 2 ta student uchun,https://www.olx.uz/d/obyavlenie/1-xonali-uy-2-ta-student-uchun-ID3ILyS.html,100 у.е. Договорная,100.0,у.е,,,,,3ILyS,25,yunusabad
"Аренда 2/3/5 на Юнусабад-17, ижара 2 хонали топширилади",https://www.olx.uz/d/obyavlenie/arenda-2-3-5-na-yunusabad-17-izhara-2-honali-topshiriladi-ID4db19.html,300 у.е.,300.0,у.е,,,,,4db19,25,yunusabad
Аренда квартиры 4х ком Юнусабад 7-квартал,https://www.olx.uz/d/obyavlenie/arenda-kvartiry-4h-kom-yunusabad-7-kvartal-ID4dyW8.html,700 у.е.,700.0,у.е,,,,,4dyW8,25,yunusabad
Аренда квартиры 2х ком Юнусабад 7-квартал Корзинка,https://www.olx.uz/d/obyavlenie/arenda-kvartiry-2h-kom-yunusabad-7-kvartal-korzinka-ID4dyUo.html,550 у.е.,550.0,у.е,,,,,4dyUo,25,yunusabad
Аренда квартиры 1в2х ком Юнусабад 8-квартал Уневерсам,https://www.olx.uz/d/obyavlenie/arenda-kvartiry-1v2h-kom-yunusabad-8-kvartal-uneversam-ID4dyTQ.html,500 у.е.,500.0,у.е,,,,,4dyTQ,25,yunusabad
Bodomzor sheriklikka kvartira srochni bola kerak,https://www.olx.uz/d/obyavlenie/bodomzor-sheriklikka-kvartira-srochni-bola-kerak-ID4cFIO.html,700 000 сум,700000.0,сум,,,,,4cFIO,25,yunusabad
Аренда квартиры 4х ком Юнусабад 4-квартал ЖК Зарафшан,https://www.olx.uz/d/obyavlenie/arenda-kvartiry-4h-kom-yunusabad-4-kvartal-zhk-zarafshan-ID4dyTz.html,750 у.е.,750.0,у.е,,,,,4dyTz,25,yunusabad
Kvartiraga qizlarni ijaraga qoʻyamiz,https://www.olx.uz/d/obyavlenie/kvartiraga-qizlarni-ijaraga-qoyamiz-ID4elBt.html,1 000 000 сум,1000000.0,сум,,,,,4elBt,25,yunusabad
Аренда квартиры 3х ком метро Минор Ц-5 Финансовый институт,https://www.olx.uz/d/obyavlenie/arenda-kvartiry-3h-kom-metro-minor-ts-5-finansovyy-institut-ID4dySY.html,700 у.е.,700.0,у.е,,,,,4dySY,25,yunusabad
Yunusobod 14 mavze uy ijaraga beriladi,https://www.olx.uz/d/obyavlenie/yunusobod-14-mavze-uy-ijaraga-beriladi-ID4elz9.html,200 у.е.,200.0,у.е,,,,,4elz9,25,yunusabad
ЮНУСОБОД 9 Кв 2 Хона Тозза Ремонт Хоналар Алохида Шароитлар Бор Оилаг,https://www.olx.uz/d/obyavlenie/yunusobod-9-kv-2-hona-tozza-remont-honalar-alohida-sharoitlar-bor-oilag-ID4ao7b.html,350 у.е.,350.0,у.е,,,,,4ao7b,25,yunusabad
ЖК Казахстан 3/5/8 ор-р ц-5 Минор новая никто не жил !!!,https://www.olx.uz/d/obyavlenie/zhk-kazahstan-3-5-8-or-r-ts-5-minor-novaya-nikto-ne-zhil-ID4elZz.html,700 у.е. Договорная,700.0,у.е,,,,,4elZz,25,yunusabad
1 хонали уй квартирант куяман уй узимики без маклер,https://www.olx.uz/d/obyavlenie/1-honali-uy-kvartirant-kuyaman-uy-uzimiki-bez-makler-ID4elJs.html,300 у.е. Договорная,300.0,у.е,,,,,4elJs,25,yunusabad
Жк Казахстан сдаётся 2х комнатная квартира в центре города,https://www.olx.uz/d/obyavlenie/zhk-kazahstan-sdaetsya-2h-komnatnaya-kvartira-v-tsentre-goroda-ID3Fvao.html,800 у.е. Договорная,800.0,у.е,,,,,3Fvao,25,yunusabad
Сдаётся 3х комнатная квартира в центре города Жк казахастан,https://www.olx.uz/d/obyavlenie/sdaetsya-3h-komnatnaya-kvartira-v-tsentre-goroda-zhk-kazahastan-ID3JFqM.html,1 200 у.е. Договорная,1200.0,у.е,,,,,3JFqM,25,yunusabad
Сдается квартира своя {Юнусобад},https://www.olx.uz/d/obyavlenie/sdaetsya-kvartira-svoya-yunusobad-ID4elR3.html,560 у.е.,560.0,у.е,,,,,4elR3,25,yunusabad
Yunusobod-2 ijaraga uy 1/2,https://www.olx.uz/d/obyavlenie/yunusobod-2-ijaraga-uy-1-2-ID3LfMn.html,4 500 000 сум,4500000.0,сум,,,,,3LfMn,25,yunusabad
Аренда Юнусобод 14кв 1 хона,https://www.olx.uz/d/obyavlenie/arenda-yunusobod-14kv-1-hona-ID4daLq.html,400 у.е.,400.0,у.е,,,,,4daLq,25,yunusabad
Kvartira Yunusobod Universam,https://www.olx.uz/d/obyavlenie/kvartira-yunusobod-universam-ID4eluI.html,100 у.е.,100.0,у.е,,,,,4eluI,25,yunusabad
"Юнусобод, Шахристон, ўғил талаба ва ёшлар учун",https://www.olx.uz/d/obyavlenie/yunusobod-shahriston-il-talaba-va-eshlar-uchun-ID49yuW.html,1 000 000 сум Договорная,1000000.0,сум,,,,,49yuW,25,yunusabad
Аренда 2/6/9 . ЖК Юнусабад Резиденс,https://www.olx.uz/d/obyavlenie/arenda-2-6-9-zhk-yunusabad-rezidens-ID45awj.html,800 у.е.,800.0,у.е,,,,,45awj,25,yunusabad
Yunusobod 14da kvartera 2 ta qizga,https://www.olx.uz/d/obyavlenie/yunusobod-14da-kvartera-2-ta-qizga-ID4elpt.html,950 000 сум,950000.0,сум,,,,,4elpt,25,yunusabad
Аренда юнусабад  8 квартал 1в2 комнатная,https://www.olx.uz/d/obyavlenie/arenda-yunusabad-8-kvartal-1v2-komnatnaya-ID44QHK.html,400 у.е.,400.0,у.е,,,,,44QHK,25,yunusabad
Kvartirant qoyamiz yahshi xonadonga srochna,https://www.olx.uz/d/obyavlenie/kvartirant-qoyamiz-yahshi-xonadonga-srochna-ID4ejDg.html,500 у.е.,500.0,у.е,,,,,4ejDg,25,yunusabad
Отличная 3х ком в новостройке возле Мегапланет 3/4/10,https://www.olx.uz/d/obyavlenie/otlichnaya-3h-kom-v-novostroyke-vozle-megaplanet-3-4-10-ID44oXY.html,700 у.е.,700.0,у.е,,,,,44oXY,25,yunusabad
Аренда Юнусобод 15 евро  6хона Йигитларга Кизларга,https://www.olx.uz/d/obyavlenie/arenda-yunusobod-15-evro-6hona-yigitlarga-kizlarga-ID40TOm.html,600 у.е.,600.0,у.е,,,,,40TOm,25,yunusabad
Жк Мухташам 3-комнатная квартира - Умный дом! Ор-р Минор Гидромедцентр,https://www.olx.uz/d/obyavlenie/zhk-muhtasham-3-komnatnaya-kvartira-umnyy-dom-or-r-minor-gidromedtsentr-ID4elGV.html,899 у.е. Договорная,899.0,у.е,,,,,4elGV,25,yunusabad
Аренда Юнусобод NRG 1xon Йигитларга йоки Кизларга  евро ремонт,https://www.olx.uz/d/obyavlenie/arenda-yunusobod-nrg-1xon-yigitlarga-yoki-kizlarga-evro-remont-ID40tHE.html,600 у.е.,600.0,у.е,,,,,40tHE,25,yunusabad
"Аренда 2/3/10 50м2 в ЖК IKAT, ор-р: ТЦ Мега Планет",https://www.olx.uz/d/obyavlenie/arenda-2-3-10-50m2-v-zhk-ikat-or-r-tts-mega-planet-ID4dyvD.html,600 у.е.,600.0,у.е,,,,,4dyvD,25,yunusabad
Юнусабад 6 - 2в3/3/4 аренда срочно,https://www.olx.uz/d/obyavlenie/yunusabad-6-2v3-3-4-arenda-srochno-ID4elCL.html,350 у.е.,350.0,у.е,,,,,4elCL,25,yunusabad
Аренда Юнусобод Навастройка 3 хона,https://www.olx.uz/d/obyavlenie/arenda-yunusobod-navastroyka-3-hona-ID4dyv0.html,700 у.е.,700.0,у.е,,,,,4dyv0,25,yunusabad
Юнусабад Манзара Аренда 2комн 6 этаж,https://www.olx.uz/d/obyavlenie/yunusabad-manzara-arenda-2komn-6-etazh-ID4dX3W.html,550 у.е.,550.0,у.е,,,,,4dX3W,25,yunusabad
Здам 2х комнатную квартиру на ц'6 ценр,https://www.olx.uz/d/obyavlenie/zdam-2h-komnatnuyu-kvartiru-na-ts6-tsenr-ID4elC7.html,550 у.е. Договорная,550.0,у.е,,,,,4elC7,25,yunusabad
Юнусабад 2кв Аренда 1комн 1 этаж,https://www.olx.uz/d/obyavlenie/yunusabad-2kv-arenda-1komn-1-etazh-ID4dX37.html,400 у.е.,400.0,у.е,,,,,4dX37,25,yunusabad
Жк Казахстан 2-комнатная Новая кв - Умный дом! ВСЕ ВКЛЮЧЕНО! ЗВОНИТЕ,https://www.olx.uz/d/obyavlenie/zhk-kazahstan-2-komnatnaya-novaya-kv-umnyy-dom-vse-vklyucheno-zvonite-ID4elzS.html,650 у.е. Договорная,650.0,у.е,,,,,4elzS,25,yunusabad
Сдается квартира в Жк Казахстан! Юнусабадский район!,https://www.olx.uz/d/obyavlenie/sdaetsya-kvartira-v-zhk-kazahstan-yunusabadskiy-rayon-ID33Hf9.html,1 200 у.е.,1200.0,у.е,,,,,33Hf9,25,yunusabad
Ijaraga bollarga kvartira,https://www.olx.uz/d/obyavlenie/ijaraga-bollarga-kvartira-ID4elwh.html,900 000 сум,900000.0,сум,,,,,4elwh,25,yunusabad
Комната В Бадамзаре,https://www.olx.uz/d/obyavlenie/komnata-v-badamzare-ID4ej6g.html,100 у.е.,100.0,у.е,,,,,4ej6g,25,yunusabad
Срочно! Новостройка 2-х. Ж. К. Минор.,https://www.olx.uz/d/obyavlenie/srochno-novostroyka-2-h-zh-k-minor-ID4dRKY.html,8 400 000 сум,8400000.0,сум,,,,,4dRKY,25,yunusabad
Юнусабад 11кв Аренда 2комн 3 этаж,https://www.olx.uz/d/obyavlenie/yunusabad-11kv-arenda-2komn-3-etazh-ID4dVXn.html,600 у.е.,600.0,у.е,,,,,4dVXn,25,yunusabad
Сдаётся квартира на Юнусабад 7кв.‼️,https://www.olx.uz/d/obyavlenie/sdaetsya-kvartira-na-yunusabad-7kv-ID3CpD6.html,700 у.е.,700.0,у.е,,,,,3CpD6,25,yunusabad
Сдаётся в аренду квартира на  жк Манзара,https://www.olx.uz/d/obyavlenie/sdaetsya-v-arendu-kvartira-na-zhk-manzara-ID3Kgth.html,700 у.е.,700.0,у.е,,,,,3Kgth,25,yunusabad
Юнусабад Новастройка Аренда 2/8/16,https://www.olx.uz/d/obyavlenie/yunusabad-novastroyka-arenda-2-8-16-ID4dVVQ.html,550 у.е.,550.0,у.е,,,,,4dVVQ,25,yunusabad
Сдаётся квартира в Юнусабадском районе**,https://www.olx.uz/d/obyavlenie/sdaetsya-kvartira-v-yunusabadskom-rayone-ID3AeIv.html,700 у.е.,700.0,у.е,,,,,3AeIv,25,yunusabad
Сдается квартира на Ц2,https://www.olx.uz/d/obyavlenie/sdaetsya-kvartira-na-ts2-ID3Vf4P.html,1 400 у.е.,1400.0,у.е,,,,,3Vf4P,25,yunusabad
Сдаётся квартира на Ц5‼️,https://www.olx.uz/d/obyavlenie/sdaetsya-kvartira-na-ts5-ID3CpvG.html,700 у.е.,700.0,у.е,,,,,3CpvG,25,yunusabad
Bollarga yevroremont kvartira yunusobod tutkiston metroda,https://www.olx.uz/d/obyavlenie/bollarga-yevroremont-kvartira-yunusobod-tutkiston-metroda-ID45msb.html,100 у.е.,100.0,у.е,,,,,45msb,25,yunusabad
Юнсобод Шахристон метро якинида арендага квартира берилади,https://www.olx.uz/d/obyavlenie/yunsobod-shahriston-metro-yakinida-arendaga-kvartira-beriladi-ID4elaA.html,280 у.е.,280.0,у.е,,,,,4elaA,25,yunusabad
"Юнусобод 2кв Галерейка 1/4/4 , 36м2 , арендага берилади",https://www.olx.uz/d/obyavlenie/yunusobod-2kv-galereyka-1-4-4-36m2-arendaga-beriladi-ID4e9RE.html,250 у.е.,250.0,у.е,,,,,4e9RE,25,yunusabad
"Метро Шахристан 2шка, Юнусабадский р-он Новостройка ID004",https://www.olx.uz/d/obyavlenie/metro-shahristan-2shka-yunusabadskiy-r-on-novostroyka-id004-ID4dYyl.html,460 у.е. Договорная,460.0,у.е,,,,,4dYyl,25,yunusabad
Квартира на аренду,https://www.olx.uz/d/obyavlenie/kvartira-na-arendu-ID3Tbug.html,700 у.е.,700.0,у.е,,,,,3Tbug,25,yunusabad
Ц5 ориентир Нанебе 1*2 ком 3 этаж 4 этажка все ест фото реално,https://www.olx.uz/d/obyavlenie/ts5-orientir-nanebe-12-kom-3-etazh-4-etazhka-vse-est-foto-realno-ID4elrf.html,450 у.е.,450.0,у.е,,,,,4elrf,25,yunusabad
Юнусобод Метро Аренда Квартира Мега Плонет унверсам ижарага Qizlarga,https://www.olx.uz/d/obyavlenie/yunusobod-metro-arenda-kvartira-mega-plonet-unversam-izharaga-qizlarga-ID3lCfL.html,50 у.е.,50.0,у.е,,,,,3lCfL,25,yunusabad
Сдается 2х ком кв Юнусабад ТЦ Мегапланет рядом метро ЮнусабадID03,https://www.olx.uz/d/obyavlenie/sdaetsya-2h-kom-kv-yunusabad-tts-megaplanet-ryadom-metro-yunusabadid03-ID4dV7I.html,430 у.е. Договорная,430.0,у.е,,,,,4dV7I,25,yunusabad
Сдаётся квартира на Юнусабаде‼️,https://www.olx.uz/d/obyavlenie/sdaetsya-kvartira-na-yunusabade-ID3tH0n.html,700 у.е.,700.0,у.е,,,,,3tH0n,25,yunusabad
Сдается 2х ком кв Юнусабад/Шахристанский/Телебашня Корзинка ID03,https://www.olx.uz/d/obyavlenie/sdaetsya-2h-kom-kv-yunusabad-shahristanskiy-telebashnya-korzinka-id03-ID4dYb9.html,410 у.е. Договорная,410.0,у.е,,,,,4dYb9,25,yunusabad
Аренда 2 комнатной квартиры Метро Юнусабад ЖК Ikat|можно студентам,https://www.olx.uz/d/obyavlenie/arenda-2-komnatnoy-kvartiry-metro-yunusabad-zhk-ikat-mozhno-studentam-ID4egYt.html,550 у.е. Договорная,550.0,у.е,,,,,4egYt,25,yunusabad
Сдается Прекрасная кв-ра на Юнусабадском 2-ком. 3/7! 318*,https://www.olx.uz/d/obyavlenie/sdaetsya-prekrasnaya-kv-ra-na-yunusabadskom-2-kom-3-7-318-ID4eljz.html,500 у.е. Договорная,500.0,у.е,,,,,4eljz,25,yunusabad
Сдается своя 2-комнатная квартира в ЖК МЕГАПОЛИС Юнусабад 13 кв,https://www.olx.uz/d/obyavlenie/sdaetsya-svoya-2-komnatnaya-kvartira-v-zhk-megapolis-yunusabad-13-kv-ID4elhS.html,750 у.е. Договорная,750.0,у.е,,,,,4elhS,25,yunusabad
"Аренда/Сдаётся 2х комнатная квартира , мечеть Минор",https://www.olx.uz/d/obyavlenie/arenda-sdaetsya-2h-komnatnaya-kvartira-mechet-minor-ID48rxb.html,700 у.е.,700.0,у.е,,,,,48rxb,25,yunusabad
жк Yunusabad Residence АРЕНДА Посольство США Юнусабад резиденс НОВАЯ,https://www.olx.uz/d/obyavlenie/zhk-yunusabad-residence-arenda-posolstvo-ssha-yunusabad-rezidens-novaya-ID4elhr.html,550 у.е. Договорная,550.0,у.е,,,,,4elhr,25,yunusabad
Аренда Ц6. 2 комната.,https://www.olx.uz/d/obyavlenie/arenda-ts6-2-komnata-ID44mRx.html,600 у.е.,600.0,у.е,,,,,44mRx,25,yunusabad
жк КОМФОРТ ХАУС 3 комнат 122кв СДАМ юнусабад метро мега планет comfort,https://www.olx.uz/d/obyavlenie/zhk-komfort-haus-3-komnat-122kv-sdam-yunusabad-metro-mega-planet-comfort-ID4elgm.html,600 у.е. Договорная,600.0,у.е,,,,,4elgm,25,yunusabad
Аренда квартира болларга юнусабад 5 кв,https://www.olx.uz/d/obyavlenie/arenda-kvartira-bollarga-yunusabad-5-kv-ID4c0dK.html,900 000 сум,900000.0,сум,,,,,4c0dK,25,yunusabad
Шерикликка уй аренда Новостройка Юнсабад кизларга,https://www.olx.uz/d/obyavlenie/sheriklikka-uy-arenda-novostroyka-yunsabad-kizlarga-ID4cffi.html,1 000 000 сум,1000000.0,сум,,,,,4cffi,25,yunusabad
Аренда квартиры яшнобод метро 4 бекат 1 хона,https://www.olx.uz/d/obyavlenie/arenda-kvartiry-yashnobod-metro-4-bekat-1-hona-ID3qgya.html,200 у.е.,200.0,у.е,,,,,3qgya,25,yunusabad
"СРОЧНО!! Сдается кв-ра 2-х ком. Юнусабадский, ор-р Мегапланет 128*",https://www.olx.uz/d/obyavlenie/srochno-sdaetsya-kv-ra-2-h-kom-yunusabadskiy-or-r-megaplanet-128-ID4elfo.html,450 у.е. Договорная,450.0,у.е,,,,,4elfo,25,yunusabad
Минор 3 комнат 147кв Аренда НИКТО НЕ ЖИЛ юнусабад Алайский ц5 ц2,https://www.olx.uz/d/obyavlenie/minor-3-komnat-147kv-arenda-nikto-ne-zhil-yunusabad-alayskiy-ts5-ts2-ID4el5H.html,700 у.е. Договорная,700.0,у.е,,,,,4el5H,25,yunusabad
ЖК Юнусабад Резиденс 2 комн сдается квартира ПРЕМИУМ КЛАССА,https://www.olx.uz/d/obyavlenie/zhk-yunusabad-rezidens-2-komn-sdaetsya-kvartira-premium-klassa-ID40Ldg.html,500 у.е.,500.0,у.е,,,,,40Ldg,25,yunusabad
Сдается квартира,https://www.olx.uz/d/obyavlenie/sdaetsya-kvartira-ID3aAam.html,700 у.е.,700.0,у.е,,,,,3aAam,25,yunusabad
Сдаётся квартира на Ц4‼️,https://www.olx.uz/d/obyavlenie/sdaetsya-kvartira-na-ts4-ID3Aye3.html,550 у.е.,550.0,у.е,,,,,3Aye3,25,yunusabad
Сдается уютная 2-х комнатная квартира в центре города №1506,https://www.olx.uz/d/obyavlenie/sdaetsya-uyutnaya-2-h-komnatnaya-kvartira-v-tsentre-goroda-1506-ID3W17s.html,1 000 у.е.,1000.0,у.е,,,,,3W17s,25,yunusabad
Сдается квартира.. в ЖК Замок Счаться,https://www.olx.uz/d/obyavlenie/sdaetsya-kvartira-v-zhk-zamok-schatsya-ID3s1DX.html,700 у.е.,700.0,у.е,,,,,3s1DX,25,yunusabad
Бадамзар Ориентир Уз Газ Оил 2/3/4 Квартира В Аренду,https://www.olx.uz/d/obyavlenie/badamzar-orientir-uz-gaz-oil-2-3-4-kvartira-v-arendu-ID3V1kA.html,400 у.е.,400.0,у.е,,,,,3V1kA,25,yunusabad
Yunusovoda 4 kvartal navastroyka arenda 2/8/13,https://www.olx.uz/d/obyavlenie/yunusovoda-4-kvartal-navastroyka-arenda-2-8-13-ID4dVA4.html,520 у.е.,520.0,у.е,,,,,4dVA4,25,yunusabad
2 xona kvartira ijaraga beriladi.Bodomzor metro 15 daqiqa,https://www.olx.uz/d/obyavlenie/2-xona-kvartira-ijaraga-beriladi-bodomzor-metro-15-daqiqa-ID4el3U.html,300 у.е.,300.0,у.е,,,,,4el3U,25,yunusabad
Yunusobod Megaplanet Minor masjidi metro 5 daqiqa piyoda yul kvartira,https://www.olx.uz/d/obyavlenie/yunusobod-megaplanet-minor-masjidi-metro-5-daqiqa-piyoda-yul-kvartira-ID4el3l.html,300 у.е.,300.0,у.е,,,,,4el3l,25,yunusabad
Сдается 1'2 комнатная квартира Юнусабаде 8,https://www.olx.uz/d/obyavlenie/sdaetsya-12-komnatnaya-kvartira-yunusabade-8-ID4da7V.html,400 у.е.,400.0,у.е,,,,,4da7V,25,yunusabad
ЖК Алайский Габус ТРЁХУРОВНЕВАЯ! Сдаётся 5ти комнатная!,https://www.olx.uz/d/obyavlenie/zhk-alayskiy-gabus-trehurovnevaya-sdaetsya-5ti-komnatnaya-ID3Fzzc.html,4 500 у.е. Договорная,4500.0,у.е,,,,,3Fzzc,25,yunusabad
Юнсабоде евро 2 ком 70 кв аренда квартира,https://www.olx.uz/d/obyavlenie/yunsabode-evro-2-kom-70-kv-arenda-kvartira-ID4ekWm.html,700 у.е.,700.0,у.е,,,,,4ekWm,25,yunusabad
Аренда Юнусобод 15 метро оилага ва акуратний одамларга,https://www.olx.uz/d/obyavlenie/arenda-yunusobod-15-metro-oilaga-va-akuratniy-odamlarga-ID48Iik.html,600 у.е.,600.0,у.е,,,,,48Iik,25,yunusabad
Аренда Мега юнусобод 13 4хона йигитларга оилага,https://www.olx.uz/d/obyavlenie/arenda-mega-yunusobod-13-4hona-yigitlarga-oilaga-ID40oZt.html,550 у.е.,550.0,у.е,,,,,40oZt,25,yunusabad
"Сдаётся  квартира в Новостройке на Ц2   
Ориентир- Алайский рынок",https://www.olx.uz/d/obyavlenie/sdaetsya-kvartira-v-novostroyke-na-ts2-orientir-alayskiy-rynok-ID3s5bT.html,2 200 у.е.,2200.0,у.е,,,,,3s5bT,25,yunusabad
Аренда  Юнусобод 11 4хона навостир  Оилага йигитларга чет елга,https://www.olx.uz/d/obyavlenie/arenda-yunusobod-11-4hona-navostir-oilaga-yigitlarga-chet-elga-ID3ZQX5.html,600 у.е.,600.0,у.е,,,,,3ZQX5,25,yunusabad
Аренда Юнусобод 15 6хона  Йигитларга оилага чет елликларга,https://www.olx.uz/d/obyavlenie/arenda-yunusobod-15-6hona-yigitlarga-oilaga-chet-elliklarga-ID41Fpe.html,600 у.е.,600.0,у.е,,,,,41Fpe,25,yunusabad
Срочно Аренда Квартира Новастройка Манзара Сити,https://www.olx.uz/d/obyavlenie/srochno-arenda-kvartira-novastroyka-manzara-siti-ID4el5O.html,400 у.е.,400.0,у.е,,,,,4el5O,25,yunusabad
"Аренда Юнус Абад 14, 4/1/5, 650у.е.",https://www.olx.uz/d/obyavlenie/arenda-yunus-abad-14-4-1-5-650u-e-ID4da6r.html,650 у.е.,650.0,у.е,,,,,4da6r,25,yunusabad
Сдаётся квартира на ЖК Кипарис Ц4‼️,https://www.olx.uz/d/obyavlenie/sdaetsya-kvartira-na-zhk-kiparis-ts4-ID3XVFc.html,1 300 у.е.,1300.0,у.е,,,,,3XVFc,25,yunusabad
Сдаётся в аренду квартира,https://www.olx.uz/d/obyavlenie/sdaetsya-v-arendu-kvartira-ID3Kruv.html,800 у.е.,800.0,у.е,,,,,3Kruv,25,yunusabad
Аренда 2-комнатной квартиры | ЖК НУР,https://www.olx.uz/d/obyavlenie/arenda-2-komnatnoy-kvartiry-zhk-nur-ID4bflQ.html,800 у.е. Договорная,800.0,у.е,,,,,4bflQ,25,yunusabad
"Сдаётся квартира на Юнусабаде 7 кв
Ориентир -американское посольство",https://www.olx.uz/d/obyavlenie/sdaetsya-kvartira-na-yunusabade-7-kvorientir-amerikanskoe-posolstvo-ID3si8V.html,700 у.е.,700.0,у.е,,,,,3si8V,25,yunusabad
Сдается Квартира,https://www.olx.uz/d/obyavlenie/sdaetsya-kvartira-ID35PIq.html,1 350 у.е.,1350.0,у.е,,,,,35PIq,25,yunusabad
"Сдаётся квартира 
Ориентир - Шохсарой",https://www.olx.uz/d/obyavlenie/sdaetsya-kvartira-orientir-shohsaroy-ID3tltA.html,500 у.е.,500.0,у.е,,,,,3tltA,25,yunusabad
Сдаётся квартира на ул. Амира Темура‼️,https://www.olx.uz/d/obyavlenie/sdaetsya-kvartira-na-ul-amira-temura-ID3KVLk.html,700 у.е.,700.0,у.е,,,,,3KVLk,25,yunusabad
Сдаётся квартира на Ц5‼️,https://www.olx.uz/d/obyavlenie/sdaetsya-kvartira-na-ts5-ID3Hdl4.html,900 у.е.,900.0,у.е,,,,,3Hdl4,25,yunusabad
Юнусабад-8кв 1/3/9,https://www.olx.uz/d/obyavlenie/yunusabad-8kv-1-3-9-ID4dVur.html,500 у.е.,500.0,у.е,,,,,4dVur,25,yunusabad
Аренда без маклера Юнусабад 4 квартал ориентир Шифонур,https://www.olx.uz/d/obyavlenie/arenda-bez-maklera-yunusabad-4-kvartal-orientir-shifonur-ID4ekPL.html,800 у.е.,800.0,у.е,,,,,4ekPL,25,yunusabad
"Аренда кв 3\5\12 На Юнусабадский | ЖК Казахстан |  р-не М, Минор",https://www.olx.uz/d/obyavlenie/arenda-kv-3-5-12-na-yunusabadskiy-zhk-kazahstan-r-ne-m-minor-ID4cF82.html,1 200 у.е. Договорная,1200.0,у.е,,,,,4cF82,25,yunusabad
Сдаётся квартира на Юнусабад 14кв.‼️,https://www.olx.uz/d/obyavlenie/sdaetsya-kvartira-na-yunusabad-14kv-ID3XHDV.html,700 у.е.,700.0,у.е,,,,,3XHDV,25,yunusabad
Сдаётся квартира на Бадамзаре‼️,https://www.olx.uz/d/obyavlenie/sdaetsya-kvartira-na-badamzare-ID3ID4U.html,500 у.е.,500.0,у.е,,,,,3ID4U,25,yunusabad
Сдаётся квартира на ЖК Хонсарой‼️,https://www.olx.uz/d/obyavlenie/sdaetsya-kvartira-na-zhk-honsaroy-ID3EmZT.html,500 у.е.,500.0,у.е,,,,,3EmZT,25,yunusabad
1в2/3/4 метро Минор!массив Киёт!Ц-5,https://www.olx.uz/d/obyavlenie/1v2-3-4-metro-minor-massiv-kiet-ts-5-ID4dxSp.html,500 у.е.,500.0,у.е,,,,,4dxSp,25,yunusabad
Юнусабад с хозяйкой мальчикам,https://www.olx.uz/d/obyavlenie/yunusabad-s-hozyaykoy-malchikam-ID3Zv3M.html,1 000 000 сум,1000000.0,сум,,,,,3Zv3M,25,yunusabad
Мега планет Юнусабад -11 отличная 3х комнатная квартира с обстановкой.,https://www.olx.uz/d/obyavlenie/mega-planet-yunusabad-11-otlichnaya-3h-komnatnaya-kvartira-s-obstanovkoy-ID3L6rC.html,450 у.е.,450.0,у.е,,,,,3L6rC,25,yunusabad
Зудлик билан ижарага берилади  Юнисобод  Мега Планет 2/6/9 129*,https://www.olx.uz/d/obyavlenie/zudlik-bilan-izharaga-beriladi-yunisobod-mega-planet-2-6-9-129-ID4ekTD.html,450 у.е.,450.0,у.е,,,,,4ekTD,25,yunusabad
Юнсабоде 3 ком аренда квартира,https://www.olx.uz/d/obyavlenie/yunsabode-3-kom-arenda-kvartira-ID4ekU3.html,700 у.е.,700.0,у.е,,,,,4ekU3,25,yunusabad
Сдается квартира на Ц5,https://www.olx.uz/d/obyavlenie/sdaetsya-kvartira-na-ts5-ID2CRLa.html,650 у.е.,650.0,у.е,,,,,2CRLa,25,yunusabad
Yunusobod tumanida zudlik blan uy arendaga topshiriladi M*,https://www.olx.uz/d/obyavlenie/yunusobod-tumanida-zudlik-blan-uy-arendaga-topshiriladi-m-ID4ekSl.html,500 у.е.,500.0,у.е,,,,,4ekSl,25,yunusabad
Сдаётся квартира в Акай сити,https://www.olx.uz/d/obyavlenie/sdaetsya-kvartira-v-akay-siti-ID38F3m.html,1 300 у.е.,1300.0,у.е,,,,,38F3m,25,yunusabad
"Сдаётся квартира,рядом с площадью мустакилик",https://www.olx.uz/d/obyavlenie/sdaetsya-kvartira-ryadom-s-ploschadyu-mustakilik-ID476dD.html,600 у.е. Договорная,600.0,у.е,,,,,476dD,25,yunusabad
Аренда Юнусобод 11 квартал 3 хона,https://www.olx.uz/d/obyavlenie/arenda-yunusobod-11-kvartal-3-hona-ID4d9Rl.html,650 у.е.,650.0,у.е,,,,,4d9Rl,25,yunusabad
Kevartera bolalarga,https://www.olx.uz/d/obyavlenie/kevartera-bolalarga-ID42tDw.html,650 000 сум,650000.0,сум,,,,,42tDw,25,yunusabad
Аренда квартира в Юнусабаде,https://www.olx.uz/d/obyavlenie/arenda-kvartira-v-yunusabade-ID4ekNE.html,450 у.е.,450.0,у.е,,,,,4ekNE,25,yunusabad
Аренда 3-х комнатная квартира Юнусабад-5 й квартал 3/8/9 Фулл Комплект,https://www.olx.uz/d/obyavlenie/arenda-3-h-komnatnaya-kvartira-yunusabad-5-y-kvartal-3-8-9-full-komplekt-ID4ekJ7.html,700 у.е. Договорная,700.0,у.е,,,,,4ekJ7,25,yunusabad
Метро Минор   3/11/16   Ц-5,https://www.olx.uz/d/obyavlenie/metro-minor-3-11-16-ts-5-ID4d9Kr.html,700 у.е.,700.0,у.е,,,,,4d9Kr,25,yunusabad
Сдается квартира | Юнусабад | | Метро Туркистон | 2/2/4,https://www.olx.uz/d/obyavlenie/sdaetsya-kvartira-yunusabad-metro-turkiston-2-2-4-ID4a8iJ.html,450 у.е.,450.0,у.е,,,,,4a8iJ,25,yunusabad
Срочно сдаётся 3 ком/10/13 на Юнусабаде ор-р Чинабад,https://www.olx.uz/d/obyavlenie/srochno-sdaetsya-3-kom-10-13-na-yunusabade-or-r-chinabad-ID39gP0.html,599 у.е. Договорная,599.0,у.е,,,,,39gP0,25,yunusabad
Срочно Сдается Квартира в Аренду R333,https://www.olx.uz/d/obyavlenie/srochno-sdaetsya-kvartira-v-arendu-r333-ID4ekHN.html,600 у.е.,600.0,у.е,,,,,4ekHN,25,yunusabad
Kvartira ijaraga Ming Oʻrik bozor va metro yaqnida,https://www.olx.uz/d/obyavlenie/kvartira-ijaraga-ming-orik-bozor-va-metro-yaqnida-ID4ekvA.html,350 у.е.,350.0,у.е,,,,,4ekvA,25,yunusabad
Жк Зарафшан Сити!Сдается шикарная 3-х комнатная квартира,https://www.olx.uz/d/obyavlenie/zhk-zarafshan-siti-sdaetsya-shikarnaya-3-h-komnatnaya-kvartira-ID3xszA.html,1 200 у.е.,1200.0,у.е,,,,,3xszA,25,yunusabad
O'g'il bolalar uchun kvartira,https://www.olx.uz/d/obyavlenie/ogil-bolalar-uchun-kvartira-ID4ekrZ.html,1 550 000 сум,1550000.0,сум,,,,,4ekrZ,25,yunusabad
Жк Казахстан! Сдается в аренду 3-х комнатная квартира,https://www.olx.uz/d/obyavlenie/zhk-kazahstan-sdaetsya-v-arendu-3-h-komnatnaya-kvartira-ID3x3lg.html,1 500 у.е.,1500.0,у.е,,,,,3x3lg,25,yunusabad
Сдаётся Квартира 2/4/9 на Юнусабадский р-н Универсам,https://www.olx.uz/d/obyavlenie/sdaetsya-kvartira-2-4-9-na-yunusabadskiy-r-n-universam-ID4ekqt.html,400 у.е. Договорная,400.0,у.е,,,,,4ekqt,25,yunusabad
